Date,Ward_1_Cases,Ward_2_Cases,Ward_3_Cases,Ward_4_Cases,Ward_5_Cases,Ward_6_Cases,Ward_7_Cases,Ward_8_Cases,Max_Temp,Avg_Temp,Min_Temp,Ward_1_Cases_2M_Avg,Ward_1_Cases_1M_Avg,Ward_2_Cases_2M_Avg,Ward_2_Cases_1M_Avg,Ward_3_Cases_2M_Avg,Ward_3_Cases_1M_Avg,Ward_4_Cases_2M_Avg,Ward_4_Cases_1M_Avg,Ward_5_Cases_2M_Avg,Ward_5_Cases_1M_Avg,Ward_6_Cases_2M_Avg,Ward_6_Cases_1M_Avg,Ward_7_Cases_2M_Avg,Ward_7_Cases_1M_Avg,Ward_8_Cases_2M_Avg,Ward_8_Cases_1M_Avg,Ward_1_Cases_Shift_M,Ward_1_Cases_Shift_2W,Ward_2_Cases_Shift_M,Ward_2_Cases_Shift_2W,Ward_3_Cases_Shift_M,Ward_3_Cases_Shift_2W,Ward_4_Cases_Shift_M,Ward_4_Cases_Shift_2W,Ward_5_Cases_Shift_M,Ward_5_Cases_Shift_2W,Ward_6_Cases_Shift_M,Ward_6_Cases_Shift_2W,Ward_7_Cases_Shift_M,Ward_7_Cases_Shift_2W,Ward_8_Cases_Shift_M,Ward_8_Cases_Shift_2W
2020-04-01,10.0,13.0,3.0,11.0,7.0,11.0,6.0,7.0,56.0,47.6,42.0,,,,,,,,,,,,,,,,,,,,,,,,,,,,,,,,
2020-04-02,9.0,6.0,4.0,12.0,15.0,18.0,17.0,7.0,63.0,54.0,43.0,,,,,,,,,,,,,,,,,,,,,,,,,,,,,,,,
2020-04-03,16.0,13.0,2.0,27.0,24.0,24.0,21.0,18.0,67.0,56.8,48.0,,,,,,,,,,,,,,,,,,,,,,,,,,,,,,,,
2020-04-04,7.0,0.0,4.0,10.0,4.0,2.0,13.0,25.0,59.0,54.4,50.0,,,,,,,,,,,,,,,,,,,,,,,,,,,,,,,,
2020-04-05,12.0,15.0,6.0,23.0,10.0,31.0,21.0,7.0,68.0,57.1,47.0,,,,,,,,,,,,,,,,,,,,,,,,,,,,,,,,
2020-04-06,16.0,10.0,6.0,17.0,14.0,15.0,16.0,20.0,71.0,62.3,55.0,,,,,,,,,,,,,,,,,,,,,,,,,,,,,,,,
2020-04-07,25.0,17.0,9.0,38.0,29.0,33.0,32.0,40.0,71.0,61.1,54.0,,,,,,,,,,,,,,,,,,,,,,,,,,,,,,,,
2020-04-08,12.0,3.0,9.0,21.0,19.0,6.0,33.0,10.0,78.0,66.3,56.0,,,,,,,,,,,,,,,,,,,,,,,,,,,,,,,,
2020-04-09,11.0,8.0,15.0,23.0,12.0,14.0,19.0,14.0,73.0,59.6,49.0,,,,,,,,,,,,,,,,,,,,,,,,,,,,,,,,
2020-04-10,19.0,6.0,11.0,21.0,21.0,11.0,28.0,10.0,53.0,47.3,43.0,,,,,,,,,,,,,,,,,,,,,,,,,,,,,,,,
2020-04-11,16.0,9.0,4.0,15.0,19.0,15.0,18.0,16.0,63.0,51.8,39.0,,,,,,,,,,,,,,,,,,,,,,,,,,,,,,,,
2020-04-12,5.0,20.0,3.0,9.0,7.0,7.0,8.0,10.0,72.0,58.6,46.0,,,,,,,,,,,,,,,,,,,,,,,,,,,,,,,,
2020-04-13,7.0,2.0,3.0,14.0,5.0,2.0,4.0,9.0,80.0,65.5,56.0,,,,,,,,,,,,,,,,,,,,,,,,,,,,,,,,
2020-04-14,13.0,1.0,12.0,35.0,16.0,8.0,26.0,22.0,59.0,51.8,42.0,,,,,,,,,,,,,,,,,,,,,,,,,,,,,,,,
2020-04-15,21.0,10.0,8.0,28.0,33.0,15.0,39.0,34.0,53.0,44.1,38.0,,,,,,,,,,,,,,,,,,10.0,,13.0,,3.0,,11.0,,7.0,,11.0,,6.0,,7.0
2020-04-16,18.0,14.0,7.0,34.0,17.0,24.0,21.0,23.0,54.0,47.4,42.0,,,,,,,,,,,,,,,,,,9.0,,6.0,,4.0,,12.0,,15.0,,18.0,,17.0,,7.0
2020-04-17,27.0,8.0,29.0,36.0,22.0,16.0,20.0,23.0,58.0,50.0,39.0,,,,,,,,,,,,,,,,,,16.0,,13.0,,2.0,,27.0,,24.0,,24.0,,21.0,,18.0
2020-04-18,21.0,3.0,6.0,18.0,13.0,2.0,38.0,15.0,55.0,50.4,46.0,,,,,,,,,,,,,,,,,,7.0,,0.0,,4.0,,10.0,,4.0,,2.0,,13.0,,25.0
2020-04-19,14.0,7.0,15.0,22.0,20.0,11.0,14.0,22.0,66.0,53.6,39.0,,,,,,,,,,,,,,,,,,12.0,,15.0,,6.0,,23.0,,10.0,,31.0,,21.0,,7.0
2020-04-20,11.0,3.0,0.0,16.0,21.0,8.0,28.0,69.0,64.0,56.5,53.0,,,,,,,,,,,,,,,,,,16.0,,10.0,,6.0,,17.0,,14.0,,15.0,,16.0,,20.0
2020-04-21,4.0,6.0,0.0,28.0,25.0,13.0,10.0,13.0,68.0,56.8,47.0,,,,,,,,,,,,,,,,,,25.0,,17.0,,9.0,,38.0,,29.0,,33.0,,32.0,,40.0
2020-04-22,17.0,18.0,1.0,19.0,27.0,19.0,16.0,19.0,61.0,50.8,38.0,,,,,,,,,,,,,,,,,,12.0,,3.0,,9.0,,21.0,,19.0,,6.0,,33.0,,10.0
2020-04-23,27.0,0.0,25.0,33.0,32.0,3.0,14.0,21.0,59.0,54.2,50.0,,,,,,,,,,,,,,,,,,11.0,,8.0,,15.0,,23.0,,12.0,,14.0,,19.0,,14.0
2020-04-24,24.0,4.0,6.0,41.0,25.0,5.0,21.0,20.0,59.0,54.7,52.0,,,,,,,,,,,,,,,,,,19.0,,6.0,,11.0,,21.0,,21.0,,11.0,,28.0,,10.0
2020-04-25,17.0,5.0,10.0,27.0,39.0,5.0,27.0,12.0,64.0,54.9,48.0,,,,,,,,,,,,,,,,,,16.0,,9.0,,4.0,,15.0,,19.0,,15.0,,18.0,,16.0
2020-04-26,6.0,0.0,0.0,18.0,19.0,0.0,8.0,5.0,57.0,53.1,50.0,,,,,,,,,,,,,,,,,,5.0,,20.0,,3.0,,9.0,,7.0,,7.0,,8.0,,10.0
2020-04-27,25.0,5.0,0.0,21.0,16.0,0.0,16.0,25.0,59.0,50.3,45.0,,,,,,,,,,,,,,,,,,7.0,,2.0,,3.0,,14.0,,5.0,,2.0,,4.0,,9.0
2020-04-28,28.0,18.0,2.0,25.0,35.0,14.0,36.0,37.0,57.0,51.7,45.0,,,,,,,,,,,,,,,,,,13.0,,1.0,,12.0,,35.0,,16.0,,8.0,,26.0,,22.0
2020-04-29,40.0,7.0,12.0,47.0,24.0,17.0,29.0,35.0,74.0,62.2,48.0,,,,,,,,,,,,,,,,,,21.0,,10.0,,8.0,,28.0,,33.0,,15.0,,39.0,,34.0
2020-04-30,50.0,26.0,12.0,75.0,53.0,18.0,42.0,45.0,68.0,60.9,58.0,,17.6,,8.566666666666666,,7.466666666666667,,25.466666666666665,,20.766666666666666,,12.233333333333333,,21.366666666666667,,21.1,,18.0,,14.0,,7.0,,34.0,,17.0,,24.0,,21.0,,23.0
2020-05-01,28.0,1.0,8.0,40.0,23.0,8.0,10.0,15.0,66.0,58.6,53.0,,18.2,,8.166666666666666,,7.633333333333334,,26.433333333333334,,21.3,,12.133333333333333,,21.5,,21.366666666666667,10.0,27.0,13.0,8.0,3.0,29.0,11.0,36.0,7.0,22.0,11.0,16.0,6.0,20.0,7.0,23.0
2020-05-02,28.0,7.0,9.0,42.0,46.0,13.0,40.0,21.0,72.0,61.6,52.0,,18.833333333333332,,8.2,,7.8,,27.433333333333334,,22.333333333333332,,11.966666666666667,,22.266666666666666,,21.833333333333332,9.0,21.0,6.0,3.0,4.0,6.0,12.0,18.0,15.0,13.0,18.0,2.0,17.0,38.0,7.0,15.0
2020-05-03,19.0,8.0,3.0,49.0,31.0,10.0,18.0,24.0,77.0,66.1,60.0,,18.933333333333334,,8.033333333333333,,7.833333333333333,,28.166666666666668,,22.566666666666666,,11.5,,22.166666666666668,,22.033333333333335,16.0,14.0,13.0,7.0,2.0,15.0,27.0,22.0,24.0,20.0,24.0,11.0,21.0,14.0,18.0,22.0
2020-05-04,26.0,12.0,3.0,29.0,20.0,26.0,22.0,14.0,75.0,66.3,56.0,,19.566666666666666,,8.433333333333334,,7.8,,28.8,,23.1,,12.3,,22.466666666666665,,21.666666666666668,7.0,11.0,0.0,3.0,4.0,0.0,10.0,16.0,4.0,21.0,2.0,8.0,13.0,28.0,25.0,69.0
2020-05-05,16.0,7.0,9.0,35.0,27.0,8.0,11.0,24.0,58.0,53.6,49.0,,19.7,,8.166666666666666,,7.9,,29.2,,23.666666666666668,,11.533333333333333,,22.133333333333333,,22.233333333333334,12.0,4.0,15.0,6.0,6.0,0.0,23.0,28.0,10.0,25.0,31.0,13.0,21.0,10.0,7.0,13.0
2020-05-06,36.0,5.0,6.0,45.0,41.0,15.0,21.0,24.0,57.0,52.0,47.0,,20.366666666666667,,8.0,,7.9,,30.133333333333333,,24.566666666666666,,11.533333333333333,,22.3,,22.366666666666667,16.0,17.0,10.0,18.0,6.0,1.0,17.0,19.0,14.0,27.0,15.0,19.0,16.0,16.0,20.0,19.0
2020-05-07,28.0,15.0,7.0,61.0,43.0,22.0,37.0,31.0,68.0,55.5,45.0,,20.466666666666665,,7.933333333333334,,7.833333333333333,,30.9,,25.033333333333335,,11.166666666666666,,22.466666666666665,,22.066666666666666,25.0,27.0,17.0,0.0,9.0,25.0,38.0,33.0,29.0,32.0,33.0,3.0,32.0,14.0,40.0,21.0
2020-05-08,35.0,5.0,4.0,53.0,41.0,14.0,22.0,32.0,68.0,55.8,42.0,,21.233333333333334,,8.0,,7.666666666666667,,31.966666666666665,,25.766666666666666,,11.433333333333334,,22.1,,22.8,12.0,24.0,3.0,4.0,9.0,6.0,21.0,41.0,19.0,25.0,6.0,5.0,33.0,21.0,10.0,20.0
2020-05-09,26.0,6.0,4.0,38.0,22.0,12.0,28.0,26.0,51.0,44.3,37.0,,21.733333333333334,,7.933333333333334,,7.3,,32.46666666666667,,26.1,,11.366666666666667,,22.4,,23.2,11.0,17.0,8.0,5.0,15.0,10.0,23.0,27.0,12.0,39.0,14.0,5.0,19.0,27.0,14.0,12.0
2020-05-10,16.0,9.0,3.0,34.0,15.0,6.0,20.0,11.0,65.0,53.0,38.0,,21.633333333333333,,8.033333333333333,,7.033333333333333,,32.9,,25.9,,11.2,,22.133333333333333,,23.233333333333334,19.0,6.0,6.0,0.0,11.0,0.0,21.0,18.0,21.0,19.0,11.0,0.0,28.0,8.0,10.0,5.0
2020-05-11,21.0,8.0,3.0,23.0,9.0,8.0,13.0,10.0,62.0,54.7,49.0,,21.8,,8.0,,7.0,,33.166666666666664,,25.566666666666666,,10.966666666666667,,21.966666666666665,,23.033333333333335,16.0,25.0,9.0,5.0,4.0,0.0,15.0,21.0,19.0,16.0,15.0,0.0,18.0,16.0,16.0,25.0
2020-05-12,8.0,3.0,4.0,30.0,15.0,6.0,17.0,16.0,63.0,53.5,44.0,,21.9,,7.433333333333334,,7.033333333333333,,33.86666666666667,,25.833333333333332,,10.933333333333334,,22.266666666666666,,23.233333333333334,5.0,28.0,20.0,18.0,3.0,2.0,9.0,25.0,7.0,35.0,7.0,14.0,8.0,36.0,10.0,37.0
2020-05-13,28.0,0.0,5.0,49.0,22.0,8.0,19.0,12.0,70.0,58.3,45.0,,22.6,,7.366666666666666,,7.1,,35.03333333333333,,26.4,,11.133333333333333,,22.766666666666666,,23.333333333333332,7.0,40.0,2.0,7.0,3.0,12.0,14.0,47.0,5.0,24.0,2.0,17.0,4.0,29.0,9.0,35.0
2020-05-14,16.0,5.0,2.0,32.0,16.0,11.0,10.0,40.0,70.0,61.4,52.0,,22.7,,7.5,,6.766666666666667,,34.93333333333333,,26.4,,11.233333333333333,,22.233333333333334,,23.933333333333334,13.0,50.0,1.0,26.0,12.0,12.0,35.0,75.0,16.0,53.0,8.0,18.0,26.0,42.0,22.0,45.0
2020-05-15,27.0,7.0,4.0,41.0,17.0,9.0,27.0,33.0,85.0,73.5,62.0,,22.9,,7.4,,6.633333333333334,,35.36666666666667,,25.866666666666667,,11.033333333333333,,21.833333333333332,,23.9,21.0,28.0,10.0,1.0,8.0,8.0,28.0,40.0,33.0,23.0,15.0,8.0,39.0,10.0,34.0,15.0
2020-05-16,11.0,4.0,6.0,13.0,24.0,2.0,14.0,5.0,83.0,73.9,66.0,,22.666666666666668,,7.066666666666666,,6.6,,34.666666666666664,,26.1,,10.3,,21.6,,23.3,18.0,28.0,14.0,7.0,7.0,9.0,34.0,42.0,17.0,46.0,24.0,13.0,21.0,40.0,23.0,21.0
2020-05-17,23.0,7.0,3.0,34.0,22.0,6.0,28.0,25.0,68.0,64.8,61.0,,22.533333333333335,,7.033333333333333,,5.733333333333333,,34.6,,26.1,,9.966666666666667,,21.866666666666667,,23.366666666666667,27.0,19.0,8.0,8.0,29.0,3.0,36.0,49.0,22.0,31.0,16.0,10.0,20.0,18.0,23.0,24.0
2020-05-18,38.0,13.0,3.0,31.0,24.0,5.0,22.0,14.0,68.0,61.9,57.0,,23.1,,7.366666666666666,,5.633333333333334,,35.03333333333333,,26.466666666666665,,10.066666666666666,,21.333333333333332,,23.333333333333332,21.0,26.0,3.0,12.0,6.0,3.0,18.0,29.0,13.0,20.0,2.0,26.0,38.0,22.0,15.0,14.0
2020-05-19,9.0,3.0,2.0,41.0,20.0,5.0,11.0,24.0,69.0,61.8,57.0,,22.933333333333334,,7.233333333333333,,5.2,,35.666666666666664,,26.466666666666665,,9.866666666666667,,21.233333333333334,,23.4,14.0,16.0,7.0,7.0,15.0,9.0,22.0,35.0,20.0,27.0,11.0,8.0,14.0,11.0,22.0,24.0
2020-05-20,39.0,9.0,3.0,73.0,27.0,18.0,43.0,23.0,64.0,57.1,52.0,,23.866666666666667,,7.433333333333334,,5.3,,37.56666666666667,,26.666666666666668,,10.2,,21.733333333333334,,21.866666666666667,11.0,36.0,3.0,5.0,0.0,6.0,16.0,45.0,21.0,41.0,8.0,15.0,28.0,21.0,69.0,24.0
2020-05-21,24.0,9.0,8.0,15.0,21.0,2.0,13.0,11.0,71.0,60.3,51.0,,24.533333333333335,,7.533333333333333,,5.566666666666666,,37.13333333333333,,26.533333333333335,,9.833333333333334,,21.833333333333332,,21.8,4.0,28.0,6.0,15.0,0.0,7.0,28.0,61.0,25.0,43.0,13.0,22.0,10.0,37.0,13.0,31.0
2020-05-22,10.0,8.0,3.0,9.0,17.0,5.0,12.0,8.0,77.0,66.0,60.0,,24.3,,7.2,,5.633333333333334,,36.8,,26.2,,9.366666666666667,,21.7,,21.433333333333334,17.0,35.0,18.0,5.0,1.0,4.0,19.0,53.0,27.0,41.0,19.0,14.0,16.0,22.0,19.0,32.0
2020-05-23,20.0,14.0,8.0,41.0,28.0,5.0,9.0,16.0,83.0,72.1,64.0,,24.066666666666666,,7.666666666666667,,5.066666666666666,,37.06666666666667,,26.066666666666666,,9.433333333333334,,21.533333333333335,,21.266666666666666,27.0,26.0,0.0,6.0,25.0,4.0,33.0,38.0,32.0,22.0,3.0,12.0,14.0,28.0,21.0,26.0
2020-05-24,19.0,8.0,4.0,30.0,16.0,13.0,12.0,11.0,70.0,64.7,60.0,,23.9,,7.8,,5.0,,36.7,,25.766666666666666,,9.7,,21.233333333333334,,20.966666666666665,24.0,16.0,4.0,9.0,6.0,3.0,41.0,34.0,25.0,15.0,5.0,6.0,21.0,20.0,20.0,11.0
2020-05-25,22.0,18.0,2.0,22.0,17.0,4.0,14.0,9.0,78.0,67.3,62.0,,24.066666666666666,,8.233333333333333,,4.733333333333333,,36.53333333333333,,25.033333333333335,,9.666666666666666,,20.8,,20.866666666666667,17.0,21.0,5.0,8.0,10.0,3.0,27.0,23.0,39.0,9.0,5.0,8.0,27.0,13.0,12.0,10.0
2020-05-26,12.0,1.0,1.0,12.0,12.0,4.0,10.0,18.0,79.0,70.7,62.0,,24.266666666666666,,8.266666666666667,,4.766666666666667,,36.333333333333336,,24.8,,9.8,,20.866666666666667,,21.3,6.0,8.0,0.0,3.0,0.0,4.0,18.0,30.0,19.0,15.0,0.0,6.0,8.0,17.0,5.0,16.0
2020-05-27,10.0,2.0,2.0,14.0,12.0,9.0,15.0,17.0,80.0,72.4,66.0,,23.766666666666666,,8.166666666666666,,4.833333333333333,,36.1,,24.666666666666668,,10.1,,20.833333333333332,,21.033333333333335,25.0,28.0,5.0,0.0,0.0,5.0,21.0,49.0,16.0,22.0,0.0,8.0,16.0,19.0,25.0,12.0
2020-05-28,10.0,1.0,3.0,10.0,4.0,7.0,5.0,5.0,79.0,75.1,72.0,,23.166666666666668,,7.6,,4.866666666666666,,35.6,,23.633333333333333,,9.866666666666667,,19.8,,19.966666666666665,28.0,16.0,18.0,5.0,2.0,2.0,25.0,32.0,35.0,16.0,14.0,11.0,36.0,10.0,37.0,40.0
2020-05-29,23.0,0.0,0.0,33.0,20.0,21.0,45.0,46.0,86.0,78.3,74.0,,22.6,,7.366666666666666,,4.466666666666667,,35.13333333333333,,23.5,,10.0,,20.333333333333332,,20.333333333333332,40.0,27.0,7.0,7.0,12.0,4.0,47.0,41.0,24.0,17.0,17.0,9.0,29.0,27.0,35.0,33.0
2020-05-30,8.0,0.0,1.0,12.0,13.0,5.0,16.0,17.0,83.0,75.6,69.0,19.4,21.2,7.533333333333333,6.5,5.783333333333333,4.1,29.25,33.03333333333333,21.466666666666665,22.166666666666668,10.9,9.566666666666666,20.416666666666668,19.466666666666665,20.25,19.4,50.0,11.0,26.0,4.0,12.0,6.0,75.0,13.0,53.0,24.0,18.0,2.0,42.0,14.0,45.0,5.0
2020-05-31,8.0,2.0,2.0,6.0,12.0,2.0,11.0,10.0,75.0,68.6,61.0,19.366666666666667,20.533333333333335,7.35,6.533333333333333,5.766666666666667,3.9,29.166666666666668,31.9,21.55,21.8,10.75,9.366666666666667,20.5,19.5,20.3,19.233333333333334,28.0,23.0,1.0,7.0,8.0,3.0,40.0,34.0,23.0,22.0,8.0,6.0,10.0,28.0,15.0,25.0
2020-06-01,6.0,0.0,1.0,6.0,3.0,1.0,2.0,9.0,75.0,65.7,56.0,19.316666666666666,19.8,7.25,6.3,5.716666666666667,3.6333333333333333,29.066666666666666,30.7,21.35,20.366666666666667,10.466666666666667,8.966666666666667,20.25,18.233333333333334,20.333333333333332,18.833333333333332,28.0,38.0,7.0,13.0,9.0,3.0,42.0,31.0,46.0,24.0,13.0,5.0,40.0,22.0,21.0,14.0
2020-06-02,0.0,0.0,0.0,0.0,0.0,0.0,0.0,0.0,77.0,67.3,58.0,19.05,19.166666666666668,7.033333333333333,6.033333333333333,5.683333333333334,3.533333333333333,28.616666666666667,29.066666666666666,20.95,19.333333333333332,10.066666666666666,8.633333333333333,19.9,17.633333333333333,20.033333333333335,18.033333333333335,19.0,9.0,8.0,3.0,3.0,2.0,49.0,41.0,31.0,20.0,10.0,5.0,18.0,11.0,24.0,24.0
2020-06-03,45.0,8.0,8.0,61.0,21.0,16.0,19.0,45.0,92.0,80.6,68.0,19.683333333333334,19.8,7.166666666666667,5.9,5.75,3.7,29.466666666666665,30.133333333333333,21.233333333333334,19.366666666666667,10.3,8.3,20.0,17.533333333333335,20.366666666666667,19.066666666666666,26.0,39.0,12.0,9.0,3.0,3.0,29.0,73.0,20.0,27.0,26.0,18.0,22.0,43.0,14.0,23.0
2020-06-04,14.0,3.0,4.0,13.0,14.0,8.0,8.0,17.0,91.0,79.1,72.0,19.716666666666665,19.733333333333334,6.966666666666667,5.766666666666667,5.716666666666667,3.533333333333333,29.3,29.4,21.3,18.933333333333334,9.916666666666666,8.3,19.783333333333335,17.433333333333334,20.533333333333335,18.833333333333332,16.0,24.0,7.0,9.0,9.0,8.0,35.0,15.0,27.0,21.0,8.0,2.0,11.0,13.0,24.0,11.0
2020-06-05,11.0,1.0,3.0,17.0,6.0,5.0,10.0,14.0,87.0,75.0,71.0,19.633333333333333,18.9,6.816666666666666,5.633333333333334,5.666666666666667,3.433333333333333,29.3,28.466666666666665,21.166666666666668,17.766666666666666,9.75,7.966666666666667,19.683333333333334,17.066666666666666,20.433333333333334,18.5,36.0,10.0,5.0,8.0,6.0,3.0,45.0,9.0,41.0,17.0,15.0,5.0,21.0,12.0,24.0,8.0
2020-06-06,7.0,2.0,2.0,12.0,8.0,8.0,10.0,13.0,91.0,80.5,72.0,19.333333333333332,18.2,6.566666666666666,5.2,5.55,3.2666666666666666,28.866666666666667,26.833333333333332,20.816666666666666,16.6,9.333333333333334,7.5,19.316666666666666,16.166666666666668,19.983333333333334,17.9,28.0,20.0,15.0,14.0,7.0,8.0,61.0,41.0,43.0,28.0,22.0,5.0,37.0,9.0,31.0,16.0
2020-06-07,15.0,0.0,1.0,9.0,5.0,3.0,6.0,12.0,81.0,75.7,68.0,19.383333333333333,17.533333333333335,6.516666666666667,5.033333333333333,5.416666666666667,3.1666666666666665,28.666666666666668,25.366666666666667,20.583333333333332,15.4,9.283333333333333,7.133333333333334,18.866666666666667,15.633333333333333,20.016666666666666,17.233333333333334,35.0,19.0,5.0,8.0,4.0,4.0,53.0,30.0,41.0,16.0,14.0,13.0,22.0,12.0,32.0,11.0
2020-06-08,8.0,4.0,5.0,20.0,9.0,7.0,12.0,15.0,82.0,73.7,64.0,19.333333333333332,16.933333333333334,6.45,4.966666666666667,5.25,3.2,28.616666666666667,24.766666666666666,20.533333333333335,14.966666666666667,9.166666666666666,6.966666666666667,18.75,15.1,20.033333333333335,16.866666666666667,26.0,22.0,6.0,18.0,4.0,2.0,38.0,22.0,22.0,17.0,12.0,4.0,28.0,14.0,26.0,9.0
2020-06-09,9.0,1.0,3.0,15.0,5.0,12.0,8.0,8.0,88.0,78.4,67.0,19.166666666666668,16.7,6.366666666666666,4.7,5.116666666666666,3.2,28.516666666666666,24.133333333333333,20.266666666666666,14.633333333333333,9.183333333333334,7.166666666666667,18.416666666666668,14.7,20.0,16.766666666666666,16.0,12.0,9.0,1.0,3.0,1.0,34.0,12.0,15.0,12.0,6.0,4.0,20.0,10.0,11.0,18.0
2020-06-10,2.0,2.0,6.0,10.0,10.0,4.0,4.0,11.0,89.0,82.6,76.0,18.933333333333334,16.066666666666666,6.25,4.5,5.15,3.3,28.433333333333334,23.7,20.116666666666667,14.666666666666666,9.0,7.033333333333333,18.183333333333334,14.4,19.916666666666668,16.8,21.0,10.0,8.0,2.0,3.0,2.0,23.0,14.0,9.0,12.0,8.0,9.0,13.0,15.0,10.0,17.0
2020-06-11,18.0,2.0,1.0,10.0,11.0,7.0,8.0,8.0,86.0,78.8,74.0,19.15,16.4,5.95,4.466666666666667,5.116666666666666,3.2,28.45,23.033333333333335,20.183333333333334,14.533333333333333,9.0,7.066666666666666,18.183333333333334,14.1,19.883333333333333,16.533333333333335,8.0,10.0,3.0,1.0,4.0,3.0,30.0,10.0,15.0,4.0,6.0,7.0,17.0,5.0,16.0,5.0
2020-06-12,12.0,1.0,1.0,12.0,3.0,5.0,12.0,6.0,87.0,79.1,69.0,19.233333333333334,15.866666666666667,5.933333333333334,4.5,5.083333333333333,3.066666666666667,28.416666666666668,21.8,20.15,13.9,9.05,6.966666666666667,18.316666666666666,13.866666666666667,19.833333333333332,16.333333333333332,28.0,23.0,0.0,0.0,5.0,0.0,49.0,33.0,22.0,20.0,8.0,21.0,19.0,45.0,12.0,46.0
2020-06-13,6.0,4.0,0.0,16.0,6.0,2.0,12.0,13.0,79.0,72.8,65.0,19.116666666666667,15.533333333333333,5.983333333333333,4.466666666666667,4.883333333333334,3.0,28.1,21.266666666666666,19.983333333333334,13.566666666666666,8.95,6.666666666666667,18.083333333333332,13.933333333333334,19.683333333333334,15.433333333333334,16.0,8.0,5.0,0.0,2.0,1.0,32.0,12.0,16.0,13.0,11.0,5.0,10.0,16.0,40.0,17.0
2020-06-14,5.0,3.0,1.0,5.0,4.0,4.0,2.0,8.0,78.0,70.2,63.0,18.85,14.8,5.866666666666666,4.333333333333333,4.766666666666667,2.9,27.716666666666665,20.066666666666666,19.5,13.133333333333333,8.766666666666667,6.5,17.466666666666665,13.1,19.25,14.6,27.0,8.0,7.0,2.0,4.0,2.0,41.0,6.0,17.0,12.0,9.0,2.0,27.0,11.0,33.0,10.0
2020-06-15,5.0,4.0,0.0,12.0,5.0,4.0,4.0,2.0,77.0,70.1,63.0,18.633333333333333,14.6,5.7,4.333333333333333,4.65,2.7,27.35,20.033333333333335,19.3,12.5,8.433333333333334,6.566666666666666,17.183333333333334,12.766666666666667,18.9,14.5,11.0,6.0,4.0,0.0,6.0,1.0,13.0,6.0,24.0,3.0,2.0,1.0,14.0,2.0,5.0,9.0
2020-06-16,3.0,1.0,2.0,8.0,3.0,5.0,2.0,4.0,78.0,70.1,65.0,18.233333333333334,13.933333333333334,5.583333333333333,4.133333333333334,4.2,2.6666666666666665,26.883333333333333,19.166666666666668,18.983333333333334,11.866666666666667,8.25,6.533333333333333,16.883333333333333,11.9,18.583333333333332,13.8,23.0,0.0,7.0,0.0,3.0,0.0,34.0,0.0,22.0,0.0,6.0,0.0,28.0,0.0,25.0,0.0
2020-06-17,6.0,1.0,5.0,6.0,9.0,6.0,8.0,12.0,72.0,68.6,65.0,17.983333333333334,12.866666666666667,5.55,3.7333333333333334,4.183333333333334,2.7333333333333334,26.683333333333334,18.333333333333332,18.916666666666668,11.366666666666667,8.316666666666666,6.566666666666666,16.383333333333333,11.433333333333334,18.533333333333335,13.733333333333333,38.0,45.0,13.0,8.0,3.0,8.0,31.0,61.0,24.0,21.0,5.0,16.0,22.0,19.0,14.0,45.0
2020-06-18,5.0,4.0,3.0,13.0,4.0,4.0,9.0,6.0,81.0,71.9,68.0,17.833333333333332,12.733333333333333,5.5,3.7666666666666666,3.9833333333333334,2.7666666666666666,26.533333333333335,17.4,18.65,10.833333333333334,8.2,6.533333333333333,16.3,11.366666666666667,18.266666666666666,13.133333333333333,9.0,14.0,3.0,3.0,2.0,4.0,41.0,13.0,20.0,14.0,5.0,8.0,11.0,8.0,24.0,17.0
2020-06-19,5.0,1.0,0.0,9.0,5.0,2.0,3.0,6.0,82.0,75.3,69.0,17.733333333333334,11.6,5.466666666666667,3.5,3.9833333333333334,2.6666666666666665,26.416666666666668,15.266666666666667,18.383333333333333,10.1,8.1,6.0,15.883333333333333,10.033333333333333,17.216666666666665,12.566666666666666,39.0,11.0,9.0,1.0,3.0,3.0,73.0,17.0,27.0,6.0,18.0,5.0,43.0,10.0,23.0,14.0
2020-06-20,12.0,0.0,1.0,8.0,6.0,5.0,1.0,2.0,79.0,73.0,69.0,17.866666666666667,11.2,5.366666666666666,3.2,4.0,2.433333333333333,26.083333333333332,15.033333333333333,18.066666666666666,9.6,7.966666666666667,6.1,15.733333333333333,9.633333333333333,17.033333333333335,12.266666666666667,24.0,7.0,9.0,2.0,8.0,2.0,15.0,12.0,21.0,8.0,2.0,8.0,13.0,10.0,11.0,13.0
2020-06-21,4.0,2.0,1.0,5.0,4.0,12.0,3.0,6.0,85.0,75.8,70.0,17.65,11.0,5.1,3.0,4.0,2.3666666666666667,25.85,14.9,17.683333333333334,9.166666666666666,7.85,6.333333333333333,15.516666666666667,9.333333333333334,16.816666666666666,12.2,10.0,15.0,8.0,0.0,3.0,1.0,9.0,9.0,17.0,5.0,5.0,3.0,12.0,6.0,8.0,12.0
2020-06-22,6.0,2.0,2.0,10.0,4.0,2.0,7.0,3.0,89.0,78.6,71.0,17.3,10.533333333333333,5.133333333333334,2.6,3.6166666666666667,2.1666666666666665,25.466666666666665,13.866666666666667,17.216666666666665,8.366666666666667,7.833333333333333,6.233333333333333,15.4,9.266666666666667,16.516666666666666,11.766666666666667,20.0,8.0,14.0,4.0,8.0,5.0,41.0,20.0,28.0,9.0,5.0,7.0,9.0,12.0,16.0,15.0
2020-06-23,6.0,4.0,0.0,4.0,6.0,3.0,7.0,4.0,88.0,78.6,71.0,17.0,10.1,5.133333333333334,2.466666666666667,3.5166666666666666,2.033333333333333,24.85,13.0,16.9,8.033333333333333,7.8,5.9,15.166666666666666,9.1,16.25,11.533333333333333,19.0,9.0,8.0,1.0,4.0,3.0,30.0,15.0,16.0,5.0,13.0,12.0,12.0,8.0,11.0,8.0
2020-06-24,1.0,8.0,1.0,6.0,2.0,5.0,3.0,5.0,86.0,79.7,75.0,16.733333333333334,9.4,5.183333333333334,2.1333333333333333,3.3666666666666667,2.0,24.5,12.466666666666667,16.283333333333335,7.533333333333333,7.8,5.933333333333334,14.766666666666667,8.733333333333333,16.133333333333333,11.4,22.0,2.0,18.0,2.0,2.0,6.0,22.0,10.0,17.0,10.0,4.0,4.0,14.0,4.0,9.0,11.0
2020-06-25,7.0,3.0,0.0,3.0,3.0,4.0,1.0,4.0,85.0,77.3,71.0,16.75,9.233333333333333,5.233333333333333,2.2,3.3666666666666667,1.9666666666666666,24.25,12.166666666666666,16.016666666666666,7.233333333333333,7.866666666666666,5.933333333333334,14.65,8.433333333333334,16.116666666666667,10.933333333333334,12.0,18.0,1.0,2.0,1.0,1.0,12.0,10.0,12.0,11.0,4.0,7.0,10.0,8.0,18.0,8.0
2020-06-26,4.0,2.0,2.0,7.0,8.0,8.0,2.0,1.0,89.0,79.3,67.0,16.4,9.033333333333333,5.183333333333334,2.2,3.4,1.9666666666666666,24.016666666666666,11.933333333333334,15.883333333333333,7.1,8.0,5.9,14.416666666666666,8.0,15.716666666666667,10.4,10.0,12.0,2.0,1.0,2.0,1.0,14.0,12.0,12.0,3.0,9.0,5.0,15.0,12.0,17.0,6.0
2020-06-27,2.0,3.0,5.0,5.0,6.0,5.0,4.0,2.0,92.0,82.1,75.0,15.966666666666667,8.766666666666667,4.933333333333334,2.2666666666666666,3.45,2.033333333333333,23.683333333333334,11.766666666666667,15.4,7.166666666666667,7.85,5.833333333333333,13.883333333333333,7.966666666666667,15.133333333333333,10.3,10.0,6.0,1.0,4.0,3.0,0.0,10.0,16.0,4.0,6.0,7.0,2.0,5.0,12.0,5.0,13.0
2020-06-28,9.0,0.0,3.0,7.0,1.0,7.0,7.0,9.0,90.0,82.5,76.0,15.45,8.3,4.816666666666666,2.2666666666666666,3.3,2.1333333333333333,23.016666666666666,10.9,15.016666666666667,6.533333333333333,7.683333333333334,5.366666666666666,13.516666666666667,6.7,14.7,9.066666666666666,23.0,5.0,0.0,3.0,0.0,1.0,33.0,5.0,20.0,4.0,21.0,4.0,45.0,2.0,46.0,8.0
2020-06-29,4.0,3.0,1.0,6.0,5.0,8.0,5.0,3.0,92.0,84.0,76.0,14.683333333333334,8.166666666666666,4.433333333333334,2.3666666666666667,3.1166666666666667,2.1333333333333333,21.866666666666667,10.7,14.216666666666667,6.266666666666667,7.516666666666667,5.466666666666667,12.9,6.333333333333333,14.0,8.6,8.0,5.0,0.0,4.0,1.0,0.0,12.0,12.0,13.0,5.0,5.0,4.0,16.0,4.0,17.0,2.0
2020-06-30,5.0,7.0,0.0,4.0,2.0,7.0,7.0,5.0,91.0,82.6,73.0,14.3,8.066666666666666,4.533333333333333,2.533333333333333,2.9833333333333334,2.066666666666667,21.266666666666666,10.633333333333333,13.866666666666667,5.933333333333334,7.5,5.633333333333334,12.85,6.2,13.833333333333334,8.433333333333334,8.0,3.0,2.0,1.0,2.0,2.0,6.0,8.0,12.0,3.0,2.0,5.0,11.0,2.0,10.0,4.0
2020-07-01,3.0,6.0,0.0,3.0,1.0,3.0,3.0,5.0,86.0,78.8,73.0,13.883333333333333,7.966666666666667,4.516666666666667,2.7333333333333334,2.8333333333333335,2.033333333333333,20.616666666666667,10.533333333333333,13.116666666666667,5.866666666666666,7.333333333333333,5.7,12.233333333333333,6.233333333333333,13.566666666666666,8.3,6.0,6.0,0.0,1.0,1.0,5.0,6.0,6.0,3.0,9.0,1.0,6.0,2.0,8.0,9.0,12.0
2020-07-02,7.0,7.0,2.0,9.0,6.0,4.0,2.0,6.0,92.0,82.6,72.0,13.683333333333334,8.2,4.5,2.966666666666667,2.816666666666667,2.1,19.95,10.833333333333334,12.7,6.066666666666666,7.233333333333333,5.833333333333333,11.966666666666667,6.3,13.266666666666667,8.5,0.0,5.0,0.0,4.0,0.0,3.0,0.0,13.0,0.0,4.0,0.0,4.0,0.0,9.0,0.0,6.0
2020-07-03,1.0,1.0,2.0,0.0,3.0,1.0,3.0,0.0,96.0,87.2,76.0,13.266666666666667,6.733333333333333,4.316666666666666,2.7333333333333334,2.8,1.9,19.466666666666665,8.8,12.416666666666666,5.466666666666667,6.816666666666666,5.333333333333333,11.65,5.766666666666667,13.033333333333333,7.0,45.0,5.0,8.0,1.0,8.0,0.0,61.0,9.0,21.0,5.0,16.0,2.0,19.0,3.0,45.0,6.0
2020-07-04,8.0,5.0,1.0,3.0,2.0,6.0,5.0,4.0,93.0,85.1,78.0,13.133333333333333,6.533333333333333,4.283333333333333,2.8,2.6666666666666665,1.8,18.933333333333334,8.466666666666667,12.0,5.066666666666666,6.783333333333333,5.266666666666667,11.55,5.666666666666667,12.7,6.566666666666666,14.0,12.0,3.0,0.0,4.0,1.0,13.0,8.0,14.0,6.0,8.0,5.0,8.0,1.0,17.0,2.0
2020-07-05,6.0,2.0,3.0,6.0,3.0,3.0,5.0,5.0,93.0,82.7,76.0,12.633333333333333,6.366666666666666,4.233333333333333,2.8333333333333335,2.6166666666666667,1.8,18.283333333333335,8.1,11.366666666666667,4.966666666666667,6.583333333333333,5.2,11.283333333333333,5.5,12.383333333333333,6.266666666666667,11.0,4.0,1.0,2.0,3.0,1.0,17.0,5.0,6.0,4.0,5.0,12.0,10.0,3.0,14.0,6.0
2020-07-06,6.0,0.0,3.0,9.0,11.0,6.0,11.0,1.0,95.0,80.5,73.0,12.266666666666667,6.333333333333333,3.9833333333333334,2.7666666666666666,2.55,1.8333333333333333,17.416666666666668,8.0,10.833333333333334,5.066666666666666,6.316666666666666,5.133333333333334,10.85,5.533333333333333,11.883333333333333,5.866666666666666,7.0,6.0,2.0,2.0,2.0,2.0,12.0,10.0,8.0,4.0,8.0,2.0,10.0,7.0,13.0,3.0
2020-07-07,6.0,10.0,8.0,7.0,4.0,11.0,14.0,18.0,90.0,77.2,71.0,11.783333333333333,6.033333333333333,4.066666666666666,3.1,2.6166666666666667,2.066666666666667,16.65,7.933333333333334,10.216666666666667,5.033333333333333,6.266666666666667,5.4,10.716666666666667,5.8,11.65,6.066666666666666,15.0,6.0,0.0,4.0,1.0,0.0,9.0,4.0,5.0,6.0,3.0,3.0,6.0,7.0,12.0,4.0
2020-07-08,6.0,4.0,1.0,7.0,6.0,1.0,6.0,4.0,91.0,82.7,76.0,11.45,5.966666666666667,4.033333333333333,3.1,2.566666666666667,1.9333333333333333,16.133333333333333,7.5,9.95,4.933333333333334,6.083333333333333,5.2,10.35,5.6,11.283333333333333,5.7,8.0,1.0,4.0,8.0,5.0,1.0,20.0,6.0,9.0,2.0,7.0,5.0,12.0,3.0,15.0,5.0
2020-07-09,4.0,8.0,6.0,7.0,5.0,12.0,7.0,11.0,89.0,81.6,76.0,11.25,5.8,4.016666666666667,3.3333333333333335,2.6166666666666667,2.033333333333333,15.683333333333334,7.233333333333333,9.783333333333333,4.933333333333334,6.183333333333334,5.2,10.133333333333333,5.566666666666666,11.283333333333333,5.8,9.0,7.0,1.0,3.0,3.0,0.0,15.0,3.0,5.0,3.0,12.0,4.0,8.0,1.0,8.0,4.0
2020-07-10,10.0,5.0,3.0,9.0,6.0,7.0,9.0,10.0,90.0,81.8,77.0,11.066666666666666,6.066666666666666,3.966666666666667,3.433333333333333,2.6166666666666667,1.9333333333333333,15.45,7.2,9.733333333333333,4.8,6.166666666666667,5.3,10.066666666666666,5.733333333333333,11.283333333333333,5.766666666666667,2.0,4.0,2.0,2.0,6.0,2.0,10.0,7.0,10.0,8.0,4.0,8.0,4.0,2.0,11.0,1.0
2020-07-11,5.0,3.0,1.0,7.0,7.0,8.0,4.0,11.0,92.0,83.1,76.0,11.016666666666667,5.633333333333334,3.966666666666667,3.466666666666667,2.566666666666667,1.9333333333333333,15.066666666666666,7.1,9.6,4.666666666666667,6.2,5.333333333333333,9.85,5.6,11.2,5.866666666666666,18.0,2.0,2.0,3.0,1.0,5.0,10.0,5.0,11.0,6.0,7.0,5.0,8.0,4.0,8.0,2.0
2020-07-12,8.0,4.0,2.0,7.0,9.0,4.0,12.0,7.0,89.0,81.3,74.0,10.683333333333334,5.5,4.033333333333333,3.566666666666667,2.5166666666666666,1.9666666666666666,14.366666666666667,6.933333333333334,9.383333333333333,4.866666666666666,6.133333333333334,5.3,9.733333333333333,5.6,11.116666666666667,5.9,12.0,9.0,1.0,0.0,1.0,3.0,12.0,7.0,3.0,1.0,5.0,7.0,12.0,7.0,6.0,9.0
2020-07-13,7.0,4.0,1.0,5.0,7.0,6.0,9.0,6.0,90.0,80.4,71.0,10.533333333333333,5.533333333333333,4.016666666666667,3.566666666666667,2.5,2.0,13.916666666666666,6.566666666666666,9.233333333333333,4.9,6.05,5.433333333333334,9.716666666666667,5.5,10.55,5.666666666666667,6.0,4.0,4.0,3.0,0.0,1.0,16.0,6.0,6.0,5.0,2.0,8.0,12.0,5.0,13.0,3.0
2020-07-14,9.0,13.0,4.0,8.0,13.0,12.0,12.0,8.0,89.0,81.2,73.0,10.233333333333333,5.666666666666667,4.116666666666666,3.9,2.5,2.1,13.366666666666667,6.666666666666667,9.166666666666666,5.2,6.1,5.7,9.466666666666667,5.833333333333333,10.133333333333333,5.666666666666667,5.0,5.0,3.0,7.0,1.0,0.0,5.0,4.0,4.0,2.0,4.0,7.0,2.0,7.0,8.0,5.0
2020-07-15,7.0,7.0,1.0,6.0,9.0,7.0,8.0,6.0,90.0,81.7,72.0,10.166666666666666,5.733333333333333,4.166666666666667,4.0,2.4166666666666665,2.1333333333333333,13.25,6.466666666666667,8.916666666666666,5.333333333333333,6.183333333333334,5.8,9.366666666666667,5.966666666666667,10.15,5.8,5.0,3.0,4.0,6.0,0.0,0.0,12.0,3.0,5.0,1.0,4.0,3.0,4.0,3.0,2.0,5.0
2020-07-16,6.0,8.0,2.0,4.0,8.0,4.0,4.0,3.0,87.0,79.8,76.0,9.883333333333333,5.833333333333333,4.183333333333334,4.233333333333333,2.4,2.1333333333333333,12.75,6.333333333333333,8.683333333333334,5.5,6.15,5.766666666666667,8.966666666666667,6.033333333333333,9.783333333333333,5.766666666666667,3.0,7.0,1.0,7.0,2.0,2.0,8.0,9.0,3.0,6.0,5.0,4.0,2.0,2.0,4.0,6.0
2020-07-17,7.0,6.0,4.0,4.0,13.0,17.0,17.0,11.0,95.0,83.8,76.0,9.366666666666667,5.866666666666666,4.066666666666666,4.4,2.4166666666666665,2.1,12.3,6.266666666666667,8.5,5.633333333333334,6.35,6.133333333333334,8.883333333333333,6.333333333333333,9.733333333333333,5.733333333333333,6.0,1.0,1.0,1.0,5.0,2.0,6.0,0.0,9.0,3.0,6.0,1.0,8.0,3.0,12.0,0.0
2020-07-18,7.0,9.0,7.0,7.0,9.0,15.0,10.0,3.0,97.0,88.4,80.0,9.333333333333334,5.933333333333334,4.166666666666667,4.566666666666666,2.5,2.2333333333333334,11.733333333333333,6.066666666666666,8.316666666666666,5.8,6.516666666666667,6.5,8.866666666666667,6.366666666666666,9.383333333333333,5.633333333333334,5.0,8.0,4.0,5.0,3.0,1.0,13.0,3.0,4.0,2.0,4.0,6.0,9.0,5.0,6.0,4.0
2020-07-19,10.0,8.0,2.0,10.0,17.0,12.0,6.0,8.0,99.0,88.8,80.0,8.85,6.1,4.15,4.8,2.4833333333333334,2.3,10.683333333333334,6.1,8.15,6.2,6.416666666666667,6.833333333333333,8.25,6.466666666666667,9.133333333333333,5.7,5.0,6.0,1.0,2.0,0.0,3.0,9.0,6.0,5.0,3.0,2.0,3.0,3.0,5.0,6.0,5.0
2020-07-20,4.0,0.0,6.0,18.0,15.0,5.0,17.0,12.0,99.0,86.0,78.0,8.516666666666667,5.833333333333333,4.0,4.8,2.45,2.466666666666667,10.733333333333333,6.433333333333334,8.05,6.5,6.466666666666667,6.833333333333333,8.316666666666666,7.0,9.15,6.033333333333333,12.0,6.0,0.0,0.0,1.0,3.0,8.0,9.0,6.0,11.0,5.0,6.0,1.0,11.0,2.0,1.0
2020-07-21,8.0,0.0,3.0,15.0,15.0,7.0,19.0,25.0,96.0,82.5,75.0,8.483333333333333,5.966666666666667,3.8666666666666667,4.733333333333333,2.45,2.533333333333333,10.833333333333334,6.766666666666667,8.016666666666667,6.866666666666666,6.5,6.666666666666667,8.433333333333334,7.533333333333333,9.433333333333334,6.666666666666667,4.0,6.0,2.0,10.0,1.0,8.0,5.0,7.0,4.0,4.0,12.0,11.0,3.0,14.0,6.0,18.0
2020-07-22,10.0,4.0,0.0,4.0,9.0,3.0,4.0,2.0,94.0,78.2,74.0,8.316666666666666,6.1,3.7,4.8,2.316666666666667,2.466666666666667,10.216666666666667,6.566666666666666,7.7,7.033333333333333,6.466666666666667,6.7,8.35,7.433333333333334,9.2,6.633333333333334,6.0,6.0,2.0,4.0,2.0,1.0,10.0,7.0,4.0,6.0,2.0,1.0,7.0,6.0,3.0,4.0
2020-07-23,11.0,10.0,0.0,9.0,12.0,7.0,13.0,14.0,92.0,80.0,73.0,8.183333333333334,6.266666666666667,3.7333333333333334,5.0,2.25,2.466666666666667,9.866666666666667,6.733333333333333,7.633333333333334,7.233333333333333,6.366666666666666,6.833333333333333,8.366666666666667,7.633333333333334,9.25,6.966666666666667,6.0,4.0,4.0,8.0,0.0,6.0,4.0,7.0,6.0,5.0,3.0,12.0,7.0,7.0,4.0,11.0
2020-07-24,7.0,4.0,2.0,13.0,10.0,7.0,10.0,13.0,84.0,78.2,73.0,7.933333333333334,6.466666666666667,3.5,4.866666666666666,2.25,2.5,9.716666666666667,6.966666666666667,7.516666666666667,7.5,6.416666666666667,6.9,8.3,7.866666666666666,9.316666666666666,7.233333333333333,1.0,10.0,8.0,5.0,1.0,3.0,6.0,9.0,2.0,6.0,5.0,7.0,3.0,9.0,5.0,10.0
2020-07-25,10.0,9.0,4.0,10.0,5.0,4.0,7.0,10.0,93.0,82.4,74.0,7.9,6.566666666666666,3.6333333333333333,5.066666666666666,2.3,2.6333333333333333,9.683333333333334,7.2,7.4,7.566666666666666,6.416666666666667,6.9,8.25,8.066666666666666,9.183333333333334,7.433333333333334,7.0,5.0,3.0,3.0,0.0,1.0,3.0,7.0,3.0,7.0,4.0,8.0,1.0,4.0,4.0,11.0
2020-07-26,7.0,5.0,4.0,22.0,10.0,8.0,7.0,15.0,94.0,86.8,78.0,7.85,6.666666666666667,3.683333333333333,5.166666666666667,2.3333333333333335,2.7,9.816666666666666,7.7,7.366666666666666,7.633333333333334,6.4,6.9,8.116666666666667,8.233333333333333,9.15,7.9,4.0,8.0,2.0,4.0,2.0,2.0,7.0,7.0,8.0,9.0,8.0,4.0,2.0,12.0,1.0,7.0
2020-07-27,11.0,9.0,6.0,10.0,9.0,10.0,22.0,9.0,95.0,87.9,79.0,7.866666666666666,6.966666666666667,3.816666666666667,5.366666666666666,2.3833333333333333,2.7333333333333334,9.816666666666666,7.866666666666666,7.45,7.733333333333333,6.45,7.066666666666666,8.4,8.833333333333334,9.216666666666667,8.133333333333333,2.0,7.0,3.0,4.0,5.0,1.0,5.0,5.0,6.0,7.0,5.0,6.0,4.0,9.0,2.0,6.0
2020-07-28,8.0,1.0,0.0,5.0,12.0,5.0,10.0,11.0,93.0,85.5,79.0,7.616666666666666,6.933333333333334,3.8333333333333335,5.4,2.3833333333333333,2.6333333333333333,9.35,7.8,7.316666666666666,8.1,6.183333333333334,7.0,7.816666666666666,8.933333333333334,8.633333333333333,8.2,9.0,9.0,0.0,13.0,3.0,4.0,7.0,8.0,1.0,13.0,7.0,12.0,7.0,12.0,9.0,8.0
2020-07-29,3.0,4.0,1.0,14.0,8.0,4.0,14.0,8.0,92.0,84.1,75.0,7.533333333333333,6.9,3.9,5.433333333333334,2.3833333333333333,2.6333333333333333,9.383333333333333,8.066666666666666,7.233333333333333,8.2,6.166666666666667,6.866666666666666,7.783333333333333,9.233333333333333,8.483333333333333,8.366666666666667,4.0,7.0,3.0,7.0,1.0,1.0,6.0,6.0,5.0,9.0,8.0,7.0,5.0,8.0,3.0,6.0
2020-07-30,4.0,0.0,0.0,12.0,10.0,13.0,18.0,13.0,93.0,83.0,75.0,7.466666666666667,6.866666666666666,3.8666666666666667,5.2,2.35,2.6333333333333333,9.483333333333333,8.333333333333334,7.2,8.466666666666667,6.35,7.066666666666666,7.9,9.6,8.533333333333333,8.633333333333333,5.0,6.0,7.0,8.0,0.0,2.0,4.0,4.0,2.0,8.0,7.0,4.0,7.0,4.0,5.0,3.0
2020-07-31,8.0,4.0,1.0,19.0,13.0,9.0,12.0,12.0,80.0,76.3,74.0,7.5,7.033333333333333,3.933333333333333,5.133333333333334,2.35,2.6666666666666665,9.7,8.866666666666667,7.366666666666666,8.866666666666667,6.483333333333333,7.266666666666667,8.066666666666666,9.9,8.583333333333334,8.866666666666667,3.0,7.0,6.0,6.0,0.0,4.0,3.0,4.0,1.0,13.0,3.0,17.0,3.0,17.0,5.0,11.0
2020-08-01,6.0,3.0,4.0,12.0,13.0,3.0,12.0,12.0,87.0,81.4,75.0,7.6,7.0,3.9833333333333334,5.0,2.4166666666666665,2.7333333333333334,9.9,8.966666666666667,7.583333333333333,9.1,6.533333333333333,7.233333333333333,8.266666666666667,10.233333333333333,8.783333333333333,9.066666666666666,7.0,7.0,7.0,9.0,2.0,7.0,9.0,7.0,6.0,9.0,4.0,15.0,2.0,10.0,6.0,3.0
2020-08-02,1.0,3.0,2.0,9.0,4.0,2.0,13.0,6.0,91.0,83.5,79.0,6.866666666666666,7.0,3.9,5.066666666666666,2.316666666666667,2.7333333333333334,9.033333333333333,9.266666666666667,7.3,9.133333333333333,6.3,7.266666666666667,8.166666666666666,10.566666666666666,8.133333333333333,9.266666666666667,1.0,10.0,1.0,8.0,2.0,2.0,0.0,10.0,3.0,17.0,1.0,12.0,3.0,6.0,0.0,8.0
2020-08-03,8.0,3.0,5.0,18.0,13.0,11.0,7.0,19.0,87.0,77.8,73.0,6.766666666666667,7.0,3.9,5.0,2.3333333333333335,2.8666666666666667,9.116666666666667,9.766666666666667,7.283333333333333,9.5,6.35,7.433333333333334,8.15,10.633333333333333,8.166666666666666,9.766666666666667,8.0,4.0,5.0,0.0,1.0,6.0,3.0,18.0,2.0,15.0,6.0,5.0,5.0,17.0,4.0,12.0
2020-08-04,1.0,3.0,1.0,10.0,6.0,9.0,6.0,10.0,87.0,75.7,70.0,6.6,6.833333333333333,3.933333333333333,5.033333333333333,2.3,2.8,9.0,9.9,7.283333333333333,9.6,6.416666666666667,7.633333333333334,8.083333333333334,10.666666666666666,8.1,9.933333333333334,6.0,8.0,2.0,0.0,3.0,3.0,6.0,15.0,3.0,15.0,3.0,7.0,5.0,19.0,5.0,25.0
2020-08-05,5.0,5.0,5.0,17.0,12.0,7.0,9.0,15.0,87.0,79.8,71.0,6.566666666666666,6.8,3.9833333333333334,5.2,2.35,2.8666666666666667,9.083333333333334,10.166666666666666,7.35,9.633333333333333,6.4,7.666666666666667,8.066666666666666,10.6,8.133333333333333,10.4,6.0,10.0,0.0,4.0,3.0,0.0,9.0,4.0,11.0,9.0,6.0,3.0,11.0,4.0,1.0,2.0
2020-08-06,6.0,6.0,2.0,6.0,12.0,9.0,22.0,10.0,86.0,77.9,73.0,6.416666666666667,6.8,4.083333333333333,5.066666666666666,2.3666666666666667,2.6666666666666665,9.033333333333333,10.133333333333333,7.466666666666667,9.9,6.5,7.6,8.333333333333334,10.866666666666667,8.1,10.133333333333333,6.0,11.0,10.0,10.0,8.0,0.0,7.0,9.0,4.0,12.0,11.0,7.0,14.0,13.0,18.0,14.0
2020-08-07,3.0,5.0,2.0,16.0,11.0,10.0,6.0,11.0,86.0,77.2,73.0,6.333333333333333,6.7,4.1,5.1,2.316666666666667,2.7,8.966666666666667,10.433333333333334,7.5,10.066666666666666,6.55,7.9,8.233333333333333,10.866666666666667,8.033333333333333,10.366666666666667,6.0,7.0,4.0,4.0,1.0,2.0,7.0,13.0,6.0,10.0,1.0,7.0,6.0,10.0,4.0,13.0
2020-08-08,13.0,1.0,6.0,12.0,23.0,17.0,12.0,13.0,86.0,76.8,73.0,6.4,7.0,4.1,4.866666666666666,2.3666666666666667,2.7,8.916666666666666,10.6,7.8,10.666666666666666,6.633333333333334,8.066666666666666,8.3,11.033333333333333,8.116666666666667,10.433333333333334,4.0,10.0,8.0,9.0,6.0,4.0,7.0,10.0,5.0,5.0,12.0,4.0,7.0,7.0,11.0,10.0
2020-08-09,6.0,5.0,5.0,4.0,14.0,5.0,6.0,6.0,87.0,81.6,74.0,6.466666666666667,6.866666666666666,4.15,4.866666666666666,2.35,2.7666666666666666,8.816666666666666,10.433333333333334,7.866666666666666,10.933333333333334,6.65,8.0,8.333333333333334,10.933333333333334,8.033333333333333,10.3,10.0,7.0,5.0,5.0,3.0,4.0,9.0,22.0,6.0,10.0,7.0,8.0,9.0,7.0,10.0,15.0
2020-08-10,5.0,4.0,5.0,15.0,17.0,16.0,16.0,9.0,91.0,82.9,76.0,6.25,6.866666666666666,4.183333333333334,4.9,2.4166666666666665,2.9,8.9,10.7,7.966666666666667,11.266666666666667,6.8,8.266666666666667,8.466666666666667,11.333333333333334,8.05,10.233333333333333,5.0,11.0,3.0,9.0,1.0,6.0,7.0,10.0,7.0,9.0,8.0,10.0,4.0,22.0,11.0,9.0
2020-08-11,5.0,3.0,3.0,11.0,13.0,8.0,10.0,10.0,90.0,82.9,77.0,6.133333333333334,6.766666666666667,4.216666666666667,4.866666666666666,2.45,2.933333333333333,8.883333333333333,10.833333333333334,8.133333333333333,11.4,6.85,8.4,8.433333333333334,11.266666666666667,8.116666666666667,10.333333333333334,8.0,8.0,4.0,1.0,2.0,0.0,7.0,5.0,9.0,12.0,4.0,5.0,12.0,10.0,7.0,11.0
2020-08-12,3.0,2.0,6.0,5.0,16.0,12.0,13.0,5.0,92.0,81.1,75.0,6.083333333333333,6.633333333333334,4.183333333333334,4.8,2.55,3.1,8.7,10.833333333333334,8.3,11.7,7.016666666666667,8.6,8.45,11.4,7.983333333333333,10.3,7.0,3.0,4.0,4.0,1.0,1.0,5.0,14.0,7.0,8.0,6.0,4.0,9.0,14.0,6.0,8.0
2020-08-13,7.0,0.0,7.0,19.0,15.0,9.0,19.0,18.0,83.0,77.7,74.0,6.116666666666666,6.566666666666666,4.133333333333334,4.366666666666666,2.65,3.2,8.933333333333334,11.2,8.483333333333333,11.766666666666667,7.1,8.5,8.733333333333333,11.633333333333333,8.15,10.633333333333333,9.0,4.0,13.0,0.0,4.0,0.0,8.0,12.0,13.0,10.0,12.0,13.0,12.0,18.0,8.0,13.0
2020-08-14,4.0,2.0,1.0,8.0,2.0,6.0,13.0,4.0,87.0,78.5,76.0,6.1,6.466666666666667,4.1,4.2,2.6666666666666665,3.2,8.866666666666667,11.266666666666667,8.433333333333334,11.533333333333333,7.133333333333334,8.466666666666667,8.883333333333333,11.8,8.183333333333334,10.566666666666666,7.0,8.0,7.0,4.0,1.0,1.0,6.0,19.0,9.0,13.0,7.0,9.0,8.0,12.0,6.0,12.0
2020-08-15,6.0,4.0,2.0,8.0,13.0,5.0,11.0,10.0,79.0,76.3,73.0,6.15,6.466666666666667,4.15,4.066666666666666,2.6666666666666665,3.2,8.866666666666667,11.4,8.6,11.7,7.133333333333334,8.5,9.033333333333333,12.033333333333333,8.283333333333333,10.8,6.0,6.0,8.0,3.0,2.0,4.0,4.0,12.0,8.0,13.0,4.0,3.0,4.0,12.0,3.0,12.0
2020-08-16,2.0,6.0,0.0,7.0,17.0,4.0,8.0,9.0,77.0,70.0,66.0,6.083333333333333,6.3,4.233333333333333,4.066666666666666,2.5833333333333335,3.066666666666667,8.883333333333333,11.5,8.733333333333333,11.833333333333334,7.1,8.066666666666666,9.033333333333333,11.733333333333333,8.233333333333333,10.733333333333333,7.0,1.0,6.0,3.0,4.0,2.0,4.0,9.0,13.0,4.0,17.0,2.0,17.0,13.0,11.0,6.0
2020-08-17,3.0,4.0,3.0,9.0,8.0,7.0,8.0,10.0,82.0,73.7,66.0,6.05,6.166666666666667,4.233333333333333,3.9,2.5833333333333335,2.933333333333333,8.816666666666666,11.566666666666666,8.8,11.8,7.15,7.8,9.016666666666667,11.666666666666666,8.3,10.966666666666667,7.0,8.0,9.0,3.0,7.0,5.0,7.0,18.0,9.0,13.0,15.0,11.0,10.0,7.0,3.0,19.0
2020-08-18,5.0,1.0,0.0,6.0,3.0,0.0,8.0,5.0,88.0,77.2,69.0,6.05,6.0,4.233333333333333,3.6666666666666665,2.5833333333333335,2.8666666666666667,8.766666666666667,11.433333333333334,8.766666666666667,11.333333333333334,7.116666666666666,7.4,9.1,11.733333333333333,8.283333333333333,10.866666666666667,10.0,1.0,8.0,3.0,2.0,1.0,10.0,10.0,17.0,6.0,12.0,9.0,6.0,6.0,8.0,10.0
2020-08-19,9.0,6.0,6.0,8.0,4.0,8.0,8.0,6.0,84.0,75.7,69.0,6.0,6.166666666666667,4.333333333333333,3.8666666666666667,2.6666666666666665,2.8666666666666667,8.766666666666667,11.1,8.733333333333333,10.966666666666667,7.166666666666667,7.5,9.216666666666667,11.433333333333334,8.35,10.666666666666666,4.0,5.0,0.0,5.0,6.0,5.0,18.0,17.0,15.0,12.0,5.0,7.0,17.0,9.0,12.0,15.0
2020-08-20,6.0,3.0,3.0,11.0,10.0,2.0,13.0,11.0,83.0,75.8,68.0,6.033333333333333,6.1,4.35,3.966666666666667,2.7,2.8666666666666667,8.866666666666667,10.966666666666667,8.833333333333334,10.8,7.0,7.333333333333333,9.383333333333333,11.233333333333333,8.433333333333334,10.2,8.0,6.0,0.0,6.0,3.0,2.0,15.0,6.0,15.0,12.0,7.0,9.0,19.0,22.0,25.0,10.0
2020-08-21,5.0,4.0,3.0,11.0,9.0,8.0,10.0,12.0,83.0,76.5,70.0,6.016666666666667,5.933333333333334,4.383333333333334,3.966666666666667,2.716666666666667,2.966666666666667,8.883333333333333,11.2,8.916666666666666,10.8,7.1,7.5,9.433333333333334,11.433333333333334,8.583333333333334,10.533333333333333,10.0,3.0,4.0,5.0,0.0,2.0,4.0,16.0,9.0,11.0,3.0,10.0,4.0,6.0,2.0,11.0
2020-08-22,5.0,9.0,1.0,3.0,13.0,1.0,12.0,11.0,84.0,77.6,74.0,6.0,5.733333333333333,4.466666666666667,3.933333333333333,2.7333333333333334,3.0,8.866666666666667,11.0,9.033333333333333,10.833333333333334,7.066666666666666,7.3,9.516666666666667,11.4,8.7,10.433333333333334,11.0,13.0,10.0,1.0,0.0,6.0,9.0,12.0,12.0,23.0,7.0,17.0,13.0,12.0,14.0,13.0
2020-08-23,3.0,5.0,2.0,14.0,3.0,11.0,8.0,3.0,88.0,80.8,76.0,6.033333333333333,5.6,4.416666666666667,3.966666666666667,2.75,3.0,9.0,11.033333333333333,9.05,10.6,7.166666666666667,7.433333333333334,9.6,11.333333333333334,8.666666666666666,10.1,7.0,6.0,4.0,5.0,2.0,5.0,13.0,4.0,10.0,14.0,7.0,5.0,10.0,6.0,13.0,6.0
2020-08-24,2.0,4.0,3.0,9.0,5.0,9.0,7.0,5.0,88.0,80.7,76.0,5.95,5.333333333333333,4.433333333333334,3.8,2.8,2.966666666666667,9.1,11.0,9.083333333333334,10.6,7.25,7.6,9.7,11.333333333333334,8.683333333333334,9.933333333333334,10.0,5.0,9.0,4.0,4.0,5.0,10.0,15.0,5.0,17.0,4.0,16.0,7.0,16.0,10.0,9.0
2020-08-25,7.0,2.0,1.0,5.0,3.0,10.0,3.0,6.0,91.0,81.9,74.0,6.0,5.333333333333333,4.433333333333334,3.7,2.783333333333333,2.8666666666666667,9.066666666666666,10.433333333333334,9.0,10.366666666666667,7.283333333333333,7.666666666666667,9.716666666666667,11.2,8.766666666666667,9.633333333333333,7.0,5.0,5.0,3.0,4.0,3.0,22.0,11.0,10.0,13.0,8.0,8.0,7.0,10.0,15.0,10.0
2020-08-26,19.0,10.0,7.0,6.0,13.0,3.0,2.0,10.0,87.0,79.8,72.0,6.283333333333333,5.6,4.55,3.7333333333333334,2.816666666666667,2.9,9.083333333333334,10.3,9.116666666666667,10.5,7.25,7.433333333333334,9.683333333333334,10.533333333333333,8.9,9.666666666666666,11.0,3.0,9.0,2.0,6.0,6.0,10.0,5.0,9.0,16.0,10.0,12.0,22.0,13.0,9.0,5.0
2020-08-27,0.0,1.0,6.0,6.0,11.0,9.0,10.0,12.0,93.0,84.0,74.0,6.133333333333334,5.333333333333333,4.566666666666666,3.7333333333333334,2.8666666666666667,3.1,9.066666666666666,10.333333333333334,9.283333333333333,10.466666666666667,7.283333333333333,7.566666666666666,9.733333333333333,10.533333333333333,8.95,9.7,8.0,7.0,1.0,0.0,0.0,7.0,5.0,19.0,12.0,15.0,5.0,9.0,10.0,19.0,11.0,18.0
2020-08-28,6.0,7.0,3.0,10.0,17.0,6.0,13.0,9.0,93.0,79.7,74.0,6.166666666666667,5.433333333333334,4.633333333333334,3.8333333333333335,2.9,3.1666666666666665,9.133333333333333,10.2,9.483333333333333,10.766666666666667,7.25,7.633333333333334,9.866666666666667,10.5,9.05,9.733333333333333,3.0,4.0,4.0,2.0,1.0,1.0,14.0,8.0,8.0,2.0,4.0,6.0,14.0,13.0,8.0,4.0
2020-08-29,0.0,1.0,4.0,1.0,6.0,6.0,7.0,9.0,87.0,77.5,73.0,6.083333333333333,5.3,4.533333333333333,3.8666666666666667,2.966666666666667,3.3,9.083333333333334,9.833333333333334,9.55,10.633333333333333,7.233333333333333,7.4,9.866666666666667,10.133333333333333,9.116666666666667,9.6,4.0,6.0,0.0,4.0,0.0,2.0,12.0,8.0,10.0,13.0,13.0,5.0,18.0,11.0,13.0,10.0
2020-08-30,0.0,2.0,1.0,4.0,7.0,5.0,10.0,3.0,83.0,76.3,68.0,6.033333333333333,5.033333333333333,4.466666666666667,3.8,2.9833333333333334,3.3,9.1,9.333333333333334,9.65,10.433333333333334,7.266666666666667,7.266666666666667,9.983333333333333,10.066666666666666,9.083333333333334,9.3,8.0,2.0,4.0,6.0,1.0,0.0,19.0,7.0,13.0,17.0,9.0,4.0,12.0,8.0,12.0,9.0
2020-08-31,5.0,8.0,2.0,13.0,4.0,9.0,4.0,9.0,77.0,71.8,69.0,6.0,5.0,4.483333333333333,3.966666666666667,2.9833333333333334,3.2333333333333334,9.166666666666666,9.366666666666667,9.616666666666667,10.133333333333333,7.35,7.466666666666667,10.016666666666667,9.8,9.133333333333333,9.2,6.0,3.0,3.0,4.0,4.0,3.0,12.0,9.0,13.0,8.0,3.0,7.0,12.0,8.0,12.0,10.0
2020-09-01,2.0,2.0,2.0,1.0,2.0,6.0,3.0,11.0,82.0,74.6,68.0,6.016666666666667,5.033333333333333,4.5,3.933333333333333,2.9833333333333334,3.2333333333333334,9.183333333333334,9.1,9.6,10.066666666666666,7.433333333333334,7.6,10.016666666666667,9.466666666666667,9.316666666666666,9.366666666666667,1.0,5.0,3.0,1.0,2.0,0.0,9.0,6.0,4.0,3.0,2.0,0.0,13.0,8.0,6.0,5.0
2020-09-02,2.0,8.0,2.0,11.0,5.0,9.0,12.0,7.0,87.0,78.7,73.0,5.916666666666667,4.833333333333333,4.55,4.1,3.0,3.1333333333333333,9.316666666666666,8.866666666666667,9.65,9.8,7.483333333333333,7.533333333333333,10.133333333333333,9.633333333333333,9.366666666666667,8.966666666666667,8.0,9.0,3.0,6.0,5.0,6.0,18.0,8.0,13.0,4.0,11.0,8.0,7.0,8.0,19.0,6.0
2020-09-03,4.0,9.0,6.0,6.0,13.0,3.0,3.0,9.0,91.0,81.6,77.0,5.883333333333334,4.933333333333334,4.666666666666667,4.3,3.05,3.3,9.316666666666666,8.733333333333333,9.816666666666666,10.033333333333333,7.483333333333333,7.333333333333333,10.1,9.533333333333333,9.433333333333334,8.933333333333334,1.0,6.0,3.0,3.0,1.0,3.0,10.0,11.0,6.0,10.0,9.0,2.0,6.0,13.0,10.0,11.0
2020-09-04,6.0,5.0,2.0,6.0,8.0,7.0,7.0,9.0,90.0,80.2,72.0,5.883333333333334,4.966666666666667,4.75,4.3,3.033333333333333,3.2,9.266666666666667,8.366666666666667,9.766666666666667,9.9,7.5,7.333333333333333,10.033333333333333,9.466666666666667,9.566666666666666,8.733333333333333,5.0,5.0,5.0,4.0,5.0,3.0,17.0,11.0,12.0,9.0,7.0,8.0,9.0,10.0,15.0,12.0
2020-09-05,4.0,0.0,3.0,10.0,8.0,4.0,8.0,4.0,81.0,73.3,64.0,5.85,4.9,4.583333333333333,4.1,2.95,3.2333333333333334,9.316666666666666,8.5,9.833333333333334,9.766666666666667,7.383333333333334,7.166666666666667,9.933333333333334,9.0,9.333333333333334,8.533333333333333,6.0,5.0,6.0,9.0,2.0,1.0,6.0,3.0,12.0,13.0,9.0,1.0,22.0,12.0,10.0,11.0
2020-09-06,3.0,2.0,0.0,3.0,8.0,8.0,2.0,11.0,83.0,73.3,63.0,5.8,4.9,4.55,4.0,2.933333333333333,3.1666666666666665,9.25,8.066666666666666,9.866666666666667,9.666666666666666,7.5,7.1,9.866666666666667,8.866666666666667,9.45,8.533333333333333,3.0,3.0,5.0,5.0,2.0,2.0,16.0,14.0,11.0,3.0,10.0,11.0,6.0,8.0,11.0,3.0
2020-09-07,5.0,18.0,0.0,3.0,5.0,3.0,5.0,8.0,83.0,73.8,65.0,5.816666666666666,4.633333333333334,4.716666666666667,4.566666666666666,2.8333333333333335,2.966666666666667,9.183333333333334,7.766666666666667,9.866666666666667,9.066666666666666,7.35,6.633333333333334,9.833333333333334,8.633333333333333,9.4,8.366666666666667,13.0,2.0,1.0,4.0,6.0,3.0,12.0,9.0,23.0,5.0,17.0,9.0,12.0,7.0,13.0,5.0
2020-09-08,5.0,1.0,1.0,1.0,4.0,3.0,3.0,4.0,86.0,76.5,66.0,5.733333333333333,4.6,4.65,4.433333333333334,2.8,2.8333333333333335,9.05,7.666666666666667,9.833333333333334,8.733333333333333,7.283333333333333,6.566666666666666,9.733333333333333,8.533333333333333,9.3,8.3,6.0,7.0,5.0,2.0,5.0,1.0,4.0,5.0,14.0,3.0,5.0,10.0,6.0,3.0,6.0,6.0
2020-09-09,4.0,1.0,5.0,1.0,6.0,2.0,2.0,3.0,79.0,76.0,73.0,5.716666666666667,4.566666666666666,4.616666666666666,4.333333333333333,2.8666666666666667,2.8333333333333335,8.95,7.2,9.816666666666666,8.366666666666667,7.183333333333334,6.1,9.7,8.066666666666666,9.166666666666666,8.1,5.0,19.0,4.0,10.0,5.0,7.0,15.0,6.0,17.0,13.0,16.0,3.0,16.0,2.0,9.0,10.0
2020-09-10,11.0,4.0,5.0,12.0,19.0,8.0,8.0,14.0,81.0,77.5,76.0,5.766666666666667,4.766666666666667,4.616666666666666,4.366666666666666,2.9166666666666665,2.9,9.033333333333333,7.233333333333333,9.983333333333333,8.566666666666666,7.25,6.1,9.633333333333333,8.0,9.283333333333333,8.233333333333333,5.0,0.0,3.0,1.0,3.0,6.0,11.0,6.0,13.0,11.0,8.0,9.0,10.0,10.0,10.0,12.0
2020-09-11,10.0,9.0,7.0,11.0,9.0,4.0,0.0,9.0,81.0,76.8,73.0,5.816666666666666,5.0,4.7,4.6,3.0166666666666666,2.933333333333333,9.133333333333333,7.433333333333334,10.016666666666667,8.333333333333334,7.216666666666667,5.833333333333333,9.483333333333333,7.566666666666666,9.333333333333334,8.366666666666667,3.0,6.0,2.0,7.0,6.0,3.0,5.0,10.0,16.0,17.0,12.0,6.0,13.0,13.0,5.0,9.0
2020-09-12,1.0,4.0,2.0,6.0,10.0,6.0,11.0,0.0,75.0,71.3,67.0,5.683333333333334,4.8,4.55,4.733333333333333,2.9833333333333334,2.7666666666666666,9.1,7.0,9.966666666666667,8.166666666666666,7.116666666666666,5.733333333333333,9.466666666666667,7.3,9.2,7.766666666666667,7.0,0.0,0.0,1.0,7.0,4.0,19.0,1.0,15.0,6.0,9.0,6.0,19.0,7.0,18.0,9.0
2020-09-13,2.0,5.0,1.0,7.0,10.0,3.0,2.0,0.0,80.0,72.0,62.0,5.6,4.733333333333333,4.516666666666667,4.833333333333333,2.9833333333333334,2.7666666666666666,9.116666666666667,6.966666666666667,9.983333333333333,8.433333333333334,7.05,5.633333333333334,9.366666666666667,6.933333333333334,9.1,7.633333333333334,4.0,0.0,2.0,2.0,1.0,1.0,8.0,4.0,2.0,7.0,6.0,5.0,13.0,10.0,4.0,3.0
2020-09-14,6.0,4.0,5.0,7.0,11.0,15.0,10.0,6.0,79.0,73.7,66.0,5.6,4.733333333333333,4.45,4.833333333333333,3.033333333333333,2.8666666666666667,9.166666666666666,6.933333333333334,10.033333333333333,8.366666666666667,7.233333333333333,5.966666666666667,9.466666666666667,6.9,9.15,7.5,6.0,5.0,4.0,8.0,2.0,2.0,8.0,13.0,13.0,4.0,5.0,9.0,11.0,4.0,10.0,9.0
2020-09-15,3.0,9.0,6.0,9.0,10.0,7.0,3.0,8.0,70.0,60.4,0.0,5.533333333333333,4.766666666666667,4.5,4.933333333333334,3.066666666666667,3.066666666666667,9.25,7.0,9.983333333333333,8.133333333333333,7.066666666666666,6.066666666666666,9.233333333333333,6.733333333333333,9.1,7.466666666666667,2.0,2.0,6.0,2.0,0.0,2.0,7.0,1.0,17.0,2.0,4.0,6.0,8.0,3.0,9.0,11.0
2020-09-16,11.0,7.0,4.0,2.0,7.0,2.0,6.0,7.0,73.0,64.9,56.0,5.6,5.033333333333333,4.466666666666667,5.033333333333333,3.0166666666666666,3.1,9.166666666666666,6.766666666666667,9.95,8.1,6.85,5.9,9.166666666666666,6.666666666666667,9.166666666666666,7.366666666666666,3.0,2.0,4.0,8.0,3.0,2.0,9.0,11.0,8.0,5.0,7.0,9.0,8.0,12.0,10.0,7.0
2020-09-17,9.0,4.0,7.0,8.0,18.0,3.0,10.0,2.0,73.0,69.4,66.0,5.583333333333333,5.166666666666667,4.4,5.133333333333334,3.1,3.3333333333333335,9.133333333333333,6.833333333333333,9.966666666666667,8.6,6.7,6.0,9.233333333333333,6.733333333333333,9.066666666666666,7.266666666666667,5.0,4.0,1.0,9.0,0.0,6.0,6.0,6.0,3.0,13.0,0.0,3.0,8.0,3.0,5.0,9.0
2020-09-18,6.0,10.0,2.0,12.0,10.0,5.0,0.0,3.0,75.0,68.7,62.0,5.616666666666666,5.066666666666666,4.566666666666666,5.266666666666667,3.033333333333333,3.2,9.033333333333333,6.966666666666667,9.883333333333333,8.8,6.7,5.9,8.95,6.466666666666667,8.916666666666666,7.166666666666667,9.0,6.0,6.0,5.0,6.0,2.0,8.0,6.0,4.0,8.0,8.0,7.0,8.0,7.0,6.0,9.0
2020-09-19,2.0,4.0,12.0,7.0,8.0,6.0,8.0,6.0,66.0,58.3,50.0,5.516666666666667,4.933333333333334,4.633333333333334,5.3,3.183333333333333,3.5,8.9,6.833333333333333,9.766666666666667,8.733333333333333,6.683333333333334,6.033333333333333,8.766666666666667,6.3,8.6,7.0,6.0,4.0,3.0,0.0,3.0,3.0,11.0,10.0,10.0,8.0,2.0,4.0,13.0,8.0,11.0,4.0
2020-09-20,5.0,0.0,0.0,2.0,7.0,2.0,6.0,2.0,69.0,58.1,47.0,5.433333333333334,4.933333333333334,4.566666666666666,5.166666666666667,3.183333333333333,3.4,8.866666666666667,6.533333333333333,9.733333333333333,8.666666666666666,6.666666666666667,5.833333333333333,8.8,6.166666666666667,8.6,6.666666666666667,5.0,3.0,4.0,2.0,3.0,0.0,11.0,3.0,9.0,8.0,8.0,8.0,10.0,2.0,12.0,11.0
2020-09-21,5.0,2.0,4.0,6.0,7.0,8.0,6.0,4.0,67.0,58.2,50.0,5.333333333333333,4.933333333333334,4.433333333333334,4.933333333333334,3.25,3.5,8.816666666666666,6.633333333333334,9.65,8.466666666666667,6.683333333333334,6.066666666666666,8.683333333333334,5.966666666666667,8.433333333333334,6.433333333333334,5.0,5.0,9.0,18.0,1.0,0.0,3.0,3.0,13.0,5.0,1.0,3.0,12.0,5.0,11.0,8.0
2020-09-22,0.0,3.0,2.0,7.0,9.0,1.0,1.0,3.0,72.0,60.3,48.0,5.216666666666667,4.833333333333333,4.416666666666667,4.866666666666666,3.25,3.5,8.716666666666667,6.4,9.633333333333333,8.666666666666666,6.583333333333333,5.733333333333333,8.533333333333333,5.733333333333333,8.266666666666667,6.433333333333334,3.0,5.0,5.0,1.0,2.0,1.0,14.0,1.0,3.0,4.0,11.0,3.0,8.0,3.0,3.0,4.0
2020-09-23,6.0,5.0,4.0,10.0,12.0,5.0,4.0,5.0,80.0,68.3,56.0,5.15,4.966666666666667,4.35,4.9,3.25,3.533333333333333,8.716666666666667,6.433333333333334,9.75,8.9,6.6,5.6,8.483333333333333,5.633333333333334,8.183333333333334,6.433333333333334,2.0,4.0,4.0,1.0,3.0,5.0,9.0,1.0,5.0,6.0,9.0,2.0,7.0,2.0,5.0,3.0
2020-09-24,3.0,10.0,3.0,7.0,13.0,10.0,4.0,5.0,72.0,66.5,61.0,5.083333333333333,4.833333333333333,4.433333333333334,5.166666666666667,3.2333333333333334,3.6,8.466666666666667,6.5,9.8,9.233333333333333,6.633333333333334,5.6,8.433333333333334,5.666666666666667,8.016666666666667,6.4,7.0,11.0,2.0,4.0,1.0,5.0,5.0,12.0,3.0,19.0,10.0,8.0,3.0,8.0,6.0,14.0
2020-09-25,13.0,4.0,2.0,9.0,11.0,6.0,3.0,5.0,68.0,64.7,62.0,5.116666666666666,4.633333333333334,4.35,4.966666666666667,3.1666666666666665,3.433333333333333,8.45,6.6,9.833333333333334,9.166666666666666,6.566666666666666,5.7,8.116666666666667,5.7,7.95,6.233333333333333,19.0,10.0,10.0,9.0,7.0,7.0,6.0,11.0,13.0,9.0,3.0,4.0,2.0,0.0,10.0,9.0
2020-09-26,5.0,1.0,2.0,0.0,11.0,2.0,3.0,6.0,72.0,66.3,62.0,5.066666666666666,4.8,4.35,4.966666666666667,3.2,3.3,8.366666666666667,6.4,9.816666666666666,9.166666666666666,6.516666666666667,5.466666666666667,8.0,5.466666666666667,7.866666666666666,6.033333333333333,0.0,1.0,1.0,4.0,6.0,2.0,6.0,6.0,11.0,10.0,9.0,6.0,10.0,11.0,12.0,0.0
2020-09-27,1.0,1.0,1.0,0.0,2.0,3.0,4.0,1.0,77.0,70.4,68.0,5.033333333333333,4.633333333333334,4.3,4.766666666666667,3.2,3.2333333333333334,8.133333333333333,6.066666666666666,9.716666666666667,8.666666666666666,6.5,5.366666666666666,7.833333333333333,5.166666666666667,7.75,5.766666666666667,6.0,2.0,7.0,5.0,3.0,1.0,10.0,7.0,17.0,10.0,6.0,3.0,13.0,2.0,9.0,0.0
2020-09-28,4.0,3.0,2.0,4.0,6.0,5.0,6.0,6.0,80.0,72.0,67.0,5.033333333333333,4.766666666666667,4.35,4.833333333333333,3.2333333333333334,3.1666666666666665,8.0,6.166666666666667,9.65,8.666666666666666,6.366666666666666,5.333333333333333,7.633333333333334,5.133333333333334,7.633333333333334,5.666666666666667,0.0,6.0,1.0,4.0,4.0,5.0,1.0,7.0,6.0,11.0,6.0,15.0,7.0,10.0,9.0,6.0
2020-09-29,5.0,4.0,3.0,3.0,3.0,2.0,4.0,1.0,79.0,70.5,57.0,4.983333333333333,4.933333333333334,4.35,4.9,3.2666666666666666,3.2333333333333334,7.733333333333333,6.133333333333334,9.483333333333333,8.533333333333333,6.25,5.233333333333333,7.5,4.933333333333334,7.45,5.6,0.0,3.0,2.0,9.0,1.0,6.0,4.0,9.0,7.0,10.0,5.0,7.0,10.0,3.0,3.0,8.0
2020-09-30,3.0,3.0,3.0,2.0,10.0,6.0,1.0,4.0,71.0,61.7,56.0,4.933333333333334,4.866666666666666,4.35,4.733333333333333,3.25,3.2666666666666666,7.566666666666666,5.766666666666667,9.433333333333334,8.733333333333333,6.3,5.133333333333334,7.316666666666666,4.833333333333333,7.316666666666666,5.433333333333334,5.0,11.0,8.0,7.0,2.0,4.0,13.0,2.0,4.0,7.0,9.0,2.0,4.0,6.0,9.0,7.0
2020-10-01,0.0,6.0,4.0,10.0,23.0,8.0,9.0,4.0,76.0,64.8,57.0,4.916666666666667,4.8,4.4,4.866666666666666,3.283333333333333,3.3333333333333335,7.583333333333333,6.066666666666666,9.75,9.433333333333334,6.4,5.2,7.25,5.033333333333333,7.283333333333333,5.2,2.0,9.0,2.0,4.0,2.0,7.0,1.0,8.0,2.0,18.0,6.0,3.0,3.0,10.0,11.0,2.0
2020-10-02,6.0,2.0,3.0,6.0,18.0,3.0,4.0,7.0,68.0,60.5,56.0,4.883333333333334,4.933333333333334,4.383333333333334,4.666666666666667,3.25,3.3666666666666667,7.383333333333334,5.9,9.833333333333334,9.866666666666667,6.266666666666667,5.0,7.2,4.766666666666667,7.083333333333333,5.2,2.0,6.0,8.0,10.0,2.0,2.0,11.0,12.0,5.0,10.0,9.0,5.0,12.0,0.0,7.0,3.0
2020-10-03,0.0,11.0,3.0,11.0,18.0,3.0,0.0,2.0,68.0,58.4,49.0,4.866666666666666,4.8,4.516666666666667,4.733333333333333,3.283333333333333,3.2666666666666666,7.4,6.066666666666666,10.033333333333333,10.033333333333333,6.166666666666667,5.0,7.1,4.666666666666667,6.95,4.966666666666667,4.0,2.0,9.0,4.0,6.0,12.0,6.0,7.0,13.0,8.0,3.0,6.0,3.0,8.0,9.0,6.0
2020-10-04,7.0,0.0,0.0,0.0,12.0,3.0,2.0,1.0,69.0,59.4,48.0,4.9,4.833333333333333,4.433333333333334,4.566666666666666,3.2,3.2,7.116666666666666,5.866666666666666,10.033333333333333,10.166666666666666,6.1,4.866666666666666,6.983333333333333,4.5,6.716666666666667,4.7,6.0,5.0,5.0,0.0,2.0,0.0,6.0,2.0,8.0,7.0,7.0,2.0,7.0,6.0,9.0,2.0
2020-10-05,20.0,0.0,4.0,16.0,20.0,16.0,12.0,16.0,69.0,61.5,55.0,5.133333333333334,5.366666666666666,4.333333333333333,4.566666666666666,3.2333333333333334,3.2333333333333334,7.283333333333333,6.066666666666666,10.166666666666666,10.566666666666666,6.216666666666667,5.266666666666667,6.816666666666666,4.633333333333334,6.816666666666666,5.1,4.0,5.0,0.0,2.0,3.0,4.0,10.0,6.0,8.0,7.0,4.0,8.0,8.0,6.0,4.0,4.0
2020-10-06,8.0,0.0,0.0,9.0,12.0,5.0,7.0,2.0,72.0,60.9,49.0,5.216666666666667,5.533333333333333,4.25,4.5,3.2,3.2333333333333334,7.166666666666667,6.266666666666667,10.183333333333334,10.7,6.133333333333334,5.166666666666667,6.833333333333333,4.8,6.666666666666667,4.8,3.0,0.0,2.0,3.0,0.0,2.0,3.0,7.0,8.0,9.0,8.0,1.0,2.0,1.0,11.0,3.0
2020-10-07,0.0,9.0,6.0,5.0,20.0,11.0,5.0,8.0,80.0,68.3,56.0,5.0,5.366666666666666,4.383333333333334,4.2,3.2,3.433333333333333,7.05,6.333333333333333,10.133333333333333,11.2,6.033333333333333,5.433333333333334,6.716666666666667,4.8,6.583333333333333,4.8,5.0,6.0,18.0,5.0,0.0,4.0,3.0,10.0,5.0,12.0,3.0,5.0,5.0,4.0,8.0,5.0
2020-10-08,7.0,7.0,4.0,15.0,23.0,6.0,8.0,11.0,71.0,63.9,56.0,5.016666666666667,5.433333333333334,4.416666666666667,4.4,3.183333333333333,3.533333333333333,7.233333333333333,6.8,10.283333333333333,11.833333333333334,6.05,5.533333333333333,6.75,4.966666666666667,6.666666666666667,5.033333333333333,5.0,3.0,1.0,10.0,1.0,3.0,1.0,7.0,4.0,13.0,3.0,10.0,3.0,4.0,4.0,5.0
2020-10-09,12.0,7.0,4.0,13.0,7.0,7.0,13.0,5.0,70.0,60.7,50.0,5.133333333333334,5.7,4.466666666666667,4.6,3.1666666666666665,3.5,7.2,7.2,10.116666666666667,11.866666666666667,5.9,5.7,6.7,5.333333333333333,6.6,5.1,4.0,13.0,1.0,4.0,5.0,2.0,1.0,9.0,6.0,11.0,2.0,6.0,2.0,3.0,3.0,5.0
2020-10-10,15.0,2.0,0.0,13.0,10.0,5.0,6.0,12.0,73.0,65.8,60.0,5.3,5.833333333333333,4.45,4.533333333333333,3.1166666666666667,3.3333333333333335,7.233333333333333,7.233333333333333,10.066666666666666,11.566666666666666,5.85,5.6,6.633333333333334,5.266666666666667,6.633333333333334,5.033333333333333,11.0,5.0,4.0,1.0,5.0,2.0,12.0,0.0,19.0,11.0,8.0,2.0,8.0,3.0,14.0,6.0
2020-10-11,3.0,10.0,3.0,10.0,7.0,4.0,0.0,1.0,71.0,67.5,66.0,5.3,5.6,4.583333333333333,4.566666666666666,3.066666666666667,3.2,7.316666666666666,7.2,9.916666666666666,11.5,5.716666666666667,5.6,6.416666666666667,5.266666666666667,6.566666666666666,4.766666666666667,10.0,1.0,9.0,1.0,7.0,1.0,11.0,0.0,9.0,2.0,4.0,3.0,0.0,4.0,9.0,1.0
2020-10-12,3.0,0.0,0.0,12.0,7.0,5.0,4.0,12.0,66.0,62.2,58.0,5.233333333333333,5.666666666666667,4.583333333333333,4.433333333333334,2.95,3.1333333333333333,7.2,7.4,9.783333333333333,11.4,5.65,5.566666666666666,6.166666666666667,5.033333333333333,6.466666666666667,5.166666666666667,1.0,4.0,4.0,3.0,2.0,2.0,6.0,4.0,10.0,6.0,6.0,5.0,11.0,6.0,0.0,6.0
2020-10-13,9.0,1.0,6.0,12.0,5.0,9.0,14.0,4.0,72.0,61.3,56.0,5.316666666666666,5.9,4.566666666666666,4.3,3.033333333333333,3.3,7.266666666666667,7.566666666666666,9.833333333333334,11.233333333333333,5.7,5.766666666666667,6.183333333333334,5.433333333333334,6.466666666666667,5.3,2.0,5.0,5.0,4.0,1.0,3.0,7.0,3.0,10.0,3.0,3.0,2.0,2.0,4.0,0.0,1.0
2020-10-14,3.0,1.0,2.0,6.0,8.0,3.0,1.0,8.0,73.0,60.8,50.0,5.266666666666667,5.8,4.516666666666667,4.2,3.033333333333333,3.2,7.233333333333333,7.533333333333333,9.75,11.133333333333333,5.666666666666667,5.366666666666666,6.016666666666667,5.133333333333334,6.433333333333334,5.366666666666666,6.0,3.0,4.0,3.0,5.0,3.0,7.0,2.0,11.0,10.0,15.0,6.0,10.0,1.0,6.0,4.0
2020-10-15,16.0,3.0,9.0,6.0,22.0,7.0,16.0,2.0,76.0,65.9,56.0,5.5,6.233333333333333,4.466666666666667,4.0,3.183333333333333,3.3,7.216666666666667,7.433333333333334,9.833333333333334,11.533333333333333,5.716666666666667,5.366666666666666,6.15,5.566666666666666,6.316666666666666,5.166666666666667,3.0,0.0,9.0,6.0,6.0,4.0,9.0,10.0,10.0,23.0,7.0,8.0,3.0,9.0,8.0,4.0
2020-10-16,27.0,4.0,2.0,10.0,10.0,8.0,10.0,7.0,66.0,59.5,54.0,5.9,6.766666666666667,4.466666666666667,3.9,3.1666666666666665,3.2333333333333334,7.233333333333333,7.7,9.866666666666667,11.633333333333333,5.733333333333333,5.566666666666666,6.183333333333334,5.7,6.266666666666667,5.166666666666667,11.0,6.0,7.0,2.0,4.0,3.0,2.0,6.0,7.0,18.0,2.0,3.0,6.0,4.0,7.0,7.0
2020-10-17,0.0,5.0,0.0,11.0,9.0,8.0,1.0,1.0,63.0,54.1,46.0,5.816666666666666,6.466666666666667,4.533333333333333,3.933333333333333,3.1666666666666665,3.0,7.316666666666666,7.8,9.966666666666667,11.333333333333334,5.866666666666666,5.733333333333333,6.066666666666666,5.4,6.2,5.133333333333334,9.0,0.0,4.0,11.0,7.0,3.0,8.0,11.0,18.0,18.0,3.0,3.0,10.0,0.0,2.0,2.0
2020-10-18,7.0,0.0,2.0,8.0,3.0,3.0,0.0,2.0,65.0,57.0,46.0,5.783333333333333,6.5,4.433333333333334,3.6,3.1,3.0,7.316666666666666,7.666666666666667,9.95,11.1,5.783333333333333,5.666666666666667,5.933333333333334,5.4,6.133333333333334,5.1,6.0,7.0,10.0,0.0,2.0,0.0,12.0,0.0,10.0,12.0,5.0,3.0,0.0,2.0,3.0,1.0
2020-10-19,4.0,7.0,4.0,8.0,10.0,9.0,5.0,3.0,72.0,62.9,57.0,5.75,6.566666666666666,4.5,3.7,3.1166666666666667,2.7333333333333334,7.266666666666667,7.7,9.95,11.166666666666666,5.9,5.766666666666667,5.8,5.3,6.0,5.0,2.0,20.0,4.0,0.0,12.0,4.0,7.0,16.0,8.0,20.0,6.0,16.0,8.0,12.0,6.0,16.0
2020-10-20,2.0,1.0,6.0,8.0,5.0,6.0,3.0,5.0,75.0,63.1,59.0,5.7,6.466666666666667,4.45,3.7333333333333334,3.1666666666666665,2.933333333333333,7.216666666666667,7.9,9.883333333333333,11.1,5.866666666666666,5.9,5.683333333333334,5.2,5.883333333333334,5.1,5.0,8.0,0.0,0.0,0.0,0.0,2.0,9.0,7.0,12.0,2.0,5.0,6.0,7.0,2.0,2.0
2020-10-21,12.0,7.0,1.0,2.0,7.0,7.0,4.0,5.0,75.0,66.6,62.0,5.816666666666666,6.7,4.416666666666667,3.9,3.1666666666666665,2.8333333333333335,7.2,7.766666666666667,9.783333333333333,11.1,5.966666666666667,5.866666666666666,5.55,5.133333333333334,5.783333333333333,5.133333333333334,5.0,0.0,2.0,9.0,4.0,6.0,6.0,5.0,7.0,20.0,8.0,11.0,6.0,5.0,4.0,8.0
2020-10-22,8.0,5.0,3.0,17.0,13.0,10.0,6.0,9.0,80.0,66.8,61.0,5.9,6.966666666666667,4.416666666666667,3.966666666666667,3.183333333333333,2.8666666666666667,7.25,8.1,9.95,11.233333333333333,5.95,6.166666666666667,5.516666666666667,5.3,5.883333333333334,5.333333333333333,0.0,7.0,3.0,7.0,2.0,4.0,7.0,15.0,9.0,23.0,1.0,6.0,1.0,8.0,3.0,11.0
2020-10-23,12.0,5.0,6.0,11.0,15.0,19.0,11.0,12.0,77.0,67.2,63.0,6.066666666666666,7.166666666666667,4.433333333333334,3.966666666666667,3.2333333333333334,2.933333333333333,7.283333333333333,8.133333333333333,10.116666666666667,11.333333333333334,6.116666666666666,6.633333333333334,5.583333333333333,5.533333333333333,6.0,5.566666666666666,6.0,12.0,5.0,7.0,4.0,4.0,10.0,13.0,12.0,7.0,5.0,7.0,4.0,13.0,5.0,5.0
2020-10-24,11.0,10.0,5.0,10.0,7.0,7.0,10.0,1.0,77.0,65.7,58.0,6.133333333333334,7.433333333333334,4.566666666666666,3.966666666666667,3.3,3.0,7.366666666666666,8.233333333333333,10.183333333333334,11.133333333333333,6.066666666666666,6.533333333333333,5.7,5.733333333333333,5.916666666666667,5.433333333333334,3.0,15.0,10.0,2.0,3.0,0.0,7.0,13.0,13.0,10.0,10.0,5.0,4.0,6.0,5.0,12.0
2020-10-25,6.0,2.0,1.0,10.0,3.0,7.0,5.0,10.0,57.0,49.1,47.0,5.916666666666667,7.2,4.433333333333334,3.9,3.2,2.966666666666667,7.433333333333334,8.266666666666667,10.016666666666667,10.866666666666667,6.133333333333334,6.566666666666666,5.75,5.8,5.916666666666667,5.6,13.0,3.0,4.0,10.0,2.0,3.0,9.0,10.0,11.0,7.0,6.0,4.0,3.0,0.0,5.0,1.0
2020-10-26,15.0,13.0,6.0,11.0,12.0,20.0,6.0,11.0,63.0,54.7,48.0,6.166666666666667,7.533333333333333,4.633333333333334,4.3,3.2,3.1,7.516666666666667,8.633333333333333,10.033333333333333,10.9,6.316666666666666,7.166666666666667,5.683333333333334,5.9,5.9,5.766666666666667,5.0,3.0,1.0,0.0,2.0,0.0,0.0,12.0,11.0,7.0,2.0,5.0,3.0,4.0,6.0,12.0
2020-10-27,12.0,8.0,4.0,9.0,10.0,10.0,7.0,5.0,65.0,61.2,58.0,6.266666666666667,7.9,4.65,4.533333333333333,3.216666666666667,3.2,7.5,8.933333333333334,9.916666666666666,11.166666666666666,6.383333333333334,7.4,5.583333333333333,6.0,5.833333333333333,5.9,1.0,9.0,1.0,1.0,1.0,6.0,0.0,12.0,2.0,5.0,3.0,9.0,4.0,14.0,1.0,4.0
2020-10-28,22.0,6.0,2.0,14.0,13.0,19.0,13.0,13.0,70.0,65.3,62.0,6.633333333333334,8.5,4.733333333333333,4.633333333333334,3.183333333333333,3.2,7.716666666666667,9.266666666666667,10.033333333333333,11.4,6.6,7.866666666666666,5.683333333333334,6.233333333333333,5.9,6.133333333333334,4.0,3.0,3.0,1.0,2.0,2.0,4.0,6.0,6.0,8.0,5.0,3.0,6.0,1.0,6.0,8.0
2020-10-29,17.0,7.0,5.0,9.0,5.0,13.0,3.0,10.0,64.0,58.8,53.0,6.916666666666667,8.9,4.816666666666666,4.733333333333333,3.25,3.2666666666666666,7.8,9.466666666666667,10.0,11.466666666666667,6.733333333333333,8.233333333333333,5.566666666666666,6.2,6.016666666666667,6.433333333333334,5.0,16.0,4.0,3.0,3.0,9.0,3.0,6.0,3.0,22.0,2.0,7.0,4.0,16.0,1.0,2.0
2020-10-30,15.0,12.0,7.0,15.0,9.0,17.0,17.0,24.0,54.0,51.0,49.0,7.083333333333333,9.3,4.883333333333334,5.033333333333333,3.3333333333333335,3.4,7.833333333333333,9.9,10.083333333333334,11.433333333333334,6.866666666666666,8.6,5.783333333333333,6.733333333333333,6.266666666666667,7.1,3.0,27.0,3.0,4.0,3.0,2.0,2.0,10.0,10.0,10.0,6.0,8.0,1.0,10.0,4.0,7.0
2020-10-31,21.0,8.0,3.0,15.0,18.0,10.0,12.0,12.0,50.0,47.2,41.0,7.4,10.0,4.983333333333333,5.1,3.35,3.3666666666666667,8.066666666666666,10.066666666666666,10.35,11.266666666666667,6.933333333333334,8.666666666666666,5.933333333333334,6.833333333333333,6.283333333333333,7.366666666666666,0.0,0.0,6.0,5.0,4.0,0.0,10.0,11.0,23.0,9.0,8.0,8.0,9.0,1.0,4.0,1.0
2020-11-01,9.0,8.0,2.0,21.0,8.0,4.0,11.0,7.0,59.0,53.3,42.0,7.516666666666667,10.1,4.983333333333333,5.3,3.35,3.3333333333333335,8.233333333333333,10.566666666666666,10.4,10.933333333333334,6.85,8.7,5.916666666666667,7.066666666666666,6.283333333333333,7.366666666666666,6.0,7.0,2.0,0.0,3.0,2.0,6.0,8.0,18.0,3.0,3.0,3.0,4.0,0.0,7.0,2.0
2020-11-02,14.0,8.0,11.0,11.0,8.0,15.0,12.0,4.0,50.0,43.8,39.0,7.683333333333334,10.566666666666666,4.966666666666667,5.2,3.433333333333333,3.6,8.316666666666666,10.566666666666666,10.316666666666666,10.6,7.05,9.1,6.066666666666666,7.466666666666667,6.2,7.433333333333334,0.0,4.0,11.0,7.0,3.0,4.0,11.0,8.0,18.0,10.0,3.0,9.0,0.0,5.0,2.0,3.0
2020-11-03,11.0,15.0,5.0,10.0,6.0,14.0,7.0,8.0,65.0,52.1,40.0,7.766666666666667,10.7,5.133333333333334,5.7,3.4833333333333334,3.7666666666666666,8.383333333333333,10.9,10.283333333333333,10.4,7.166666666666667,9.466666666666667,6.066666666666666,7.633333333333334,6.183333333333334,7.666666666666667,7.0,2.0,0.0,1.0,0.0,6.0,0.0,8.0,12.0,5.0,3.0,6.0,2.0,3.0,1.0,5.0
2020-11-04,5.0,10.0,2.0,17.0,13.0,8.0,10.0,13.0,66.0,53.0,42.0,7.783333333333333,10.2,5.3,6.033333333333333,3.466666666666667,3.7,8.5,10.933333333333334,10.366666666666667,10.166666666666666,7.233333333333333,9.2,6.1,7.566666666666666,6.333333333333333,7.566666666666666,20.0,12.0,0.0,7.0,4.0,1.0,16.0,2.0,20.0,7.0,16.0,7.0,12.0,4.0,16.0,5.0
2020-11-05,30.0,17.0,8.0,13.0,13.0,17.0,7.0,6.0,67.0,56.3,48.0,8.233333333333333,10.933333333333334,5.55,6.6,3.6,3.966666666666667,8.666666666666666,11.066666666666666,10.45,10.2,7.383333333333334,9.6,6.183333333333334,7.566666666666666,6.25,7.7,8.0,8.0,0.0,5.0,0.0,3.0,9.0,17.0,12.0,13.0,5.0,10.0,7.0,6.0,2.0,9.0
2020-11-06,1.0,17.0,8.0,19.0,16.0,14.0,9.0,14.0,70.0,56.8,50.0,8.166666666666666,10.966666666666667,5.533333333333333,6.866666666666666,3.7333333333333334,4.033333333333333,8.933333333333334,11.533333333333333,10.633333333333333,10.066666666666666,7.566666666666666,9.7,6.25,7.7,6.35,7.9,0.0,12.0,9.0,5.0,6.0,6.0,5.0,11.0,20.0,15.0,11.0,19.0,5.0,11.0,8.0,12.0
2020-11-07,18.0,19.0,11.0,11.0,11.0,17.0,9.0,11.0,73.0,58.5,47.0,8.383333333333333,11.333333333333334,5.833333333333333,7.266666666666667,3.9,4.266666666666667,9.1,11.4,10.75,9.666666666666666,7.8,10.066666666666666,6.35,7.733333333333333,6.466666666666667,7.9,7.0,11.0,7.0,10.0,4.0,5.0,15.0,10.0,23.0,7.0,6.0,7.0,8.0,10.0,11.0,1.0
2020-11-08,10.0,6.0,8.0,17.0,12.0,17.0,5.0,11.0,73.0,58.5,47.0,8.483333333333333,11.266666666666667,5.916666666666667,7.233333333333333,3.95,4.4,9.366666666666667,11.533333333333333,10.85,9.833333333333334,8.05,10.4,6.4,7.466666666666667,6.6,8.1,12.0,6.0,7.0,2.0,4.0,1.0,13.0,10.0,7.0,3.0,7.0,7.0,13.0,5.0,5.0,10.0
2020-11-09,7.0,12.0,9.0,13.0,5.0,22.0,6.0,11.0,74.0,60.3,53.0,8.416666666666666,11.0,6.05,7.566666666666666,4.016666666666667,4.7,9.383333333333333,11.533333333333333,10.616666666666667,9.666666666666666,8.283333333333333,10.966666666666667,6.366666666666666,7.466666666666667,6.55,8.066666666666666,15.0,15.0,2.0,13.0,0.0,6.0,13.0,11.0,10.0,12.0,5.0,20.0,6.0,6.0,12.0,11.0
2020-11-10,13.0,16.0,23.0,34.0,30.0,35.0,25.0,25.0,75.0,63.7,54.0,8.466666666666667,11.333333333333334,6.166666666666667,7.766666666666667,4.283333333333333,5.366666666666666,9.766666666666667,12.333333333333334,10.966666666666667,10.433333333333334,8.8,12.0,6.783333333333333,8.3,6.816666666666666,8.866666666666667,3.0,12.0,10.0,8.0,3.0,4.0,10.0,9.0,7.0,10.0,4.0,10.0,0.0,7.0,1.0,5.0
2020-11-11,13.0,16.0,5.0,13.0,24.0,30.0,13.0,13.0,70.0,66.9,62.0,8.666666666666666,11.666666666666666,6.366666666666666,8.3,4.333333333333333,5.533333333333333,9.883333333333333,12.366666666666667,11.2,11.0,9.2,12.833333333333334,6.816666666666666,8.6,7.033333333333333,8.9,3.0,22.0,0.0,6.0,0.0,2.0,12.0,14.0,7.0,13.0,5.0,19.0,4.0,13.0,12.0,13.0
2020-11-12,16.0,21.0,12.0,23.0,14.0,27.0,21.0,19.0,68.0,59.9,51.0,8.9,11.9,6.633333333333334,8.966666666666667,4.516666666666667,5.733333333333333,10.15,12.733333333333333,11.266666666666667,11.3,9.6,13.433333333333334,7.133333333333334,8.833333333333334,7.35,9.4,9.0,17.0,1.0,7.0,6.0,5.0,12.0,9.0,5.0,5.0,9.0,13.0,14.0,3.0,4.0,10.0
2020-11-13,17.0,24.0,6.0,19.0,26.0,41.0,21.0,22.0,61.0,54.0,49.0,9.083333333333334,12.366666666666667,6.966666666666667,9.733333333333333,4.533333333333333,5.866666666666666,10.35,13.166666666666666,11.516666666666667,11.9,10.033333333333333,14.7,7.316666666666666,9.5,7.616666666666666,9.866666666666667,3.0,15.0,1.0,12.0,2.0,7.0,6.0,15.0,8.0,9.0,3.0,17.0,1.0,17.0,8.0,24.0
2020-11-14,21.0,19.0,8.0,30.0,21.0,33.0,14.0,12.0,61.0,52.0,42.0,9.383333333333333,12.533333333333333,7.133333333333334,10.266666666666667,4.566666666666666,5.833333333333333,10.7,13.966666666666667,11.7,11.866666666666667,10.466666666666667,15.566666666666666,7.5,9.433333333333334,7.683333333333334,10.2,16.0,21.0,3.0,8.0,9.0,3.0,6.0,15.0,22.0,18.0,7.0,10.0,16.0,12.0,2.0,12.0
2020-11-15,8.0,9.0,3.0,10.0,16.0,21.0,12.0,8.0,71.0,58.2,49.0,9.333333333333334,11.9,7.166666666666667,10.433333333333334,4.55,5.866666666666666,10.833333333333334,13.966666666666667,11.85,12.066666666666666,10.783333333333333,16.0,7.6,9.5,7.7,10.233333333333333,27.0,9.0,4.0,8.0,2.0,2.0,10.0,21.0,10.0,8.0,8.0,4.0,10.0,11.0,7.0,7.0
2020-11-16,30.0,26.0,15.0,32.0,45.0,43.0,23.0,29.0,62.0,54.5,50.0,9.683333333333334,12.9,7.533333333333333,11.133333333333333,4.683333333333334,6.366666666666666,11.233333333333333,14.666666666666666,12.3,13.266666666666667,11.45,17.166666666666668,7.816666666666666,10.233333333333333,8.15,11.166666666666666,0.0,14.0,5.0,8.0,0.0,11.0,11.0,11.0,9.0,8.0,8.0,15.0,1.0,12.0,1.0,4.0
2020-11-17,21.0,17.0,9.0,19.0,26.0,28.0,21.0,11.0,57.0,46.4,39.0,9.933333333333334,13.366666666666667,7.65,11.7,4.8,6.6,11.35,15.033333333333333,12.566666666666666,14.033333333333333,11.833333333333334,18.0,8.166666666666666,10.933333333333334,8.283333333333333,11.466666666666667,7.0,11.0,0.0,15.0,2.0,5.0,8.0,10.0,3.0,6.0,3.0,14.0,0.0,7.0,2.0,8.0
2020-11-18,21.0,22.0,15.0,31.0,26.0,40.0,24.0,32.0,45.0,39.6,35.0,10.25,13.933333333333334,7.95,12.2,4.85,6.966666666666667,11.75,15.8,12.866666666666667,14.566666666666666,12.4,19.033333333333335,8.433333333333334,11.566666666666666,8.716666666666667,12.433333333333334,4.0,5.0,7.0,10.0,4.0,2.0,8.0,17.0,10.0,13.0,9.0,8.0,5.0,10.0,3.0,13.0
2020-11-19,15.0,15.0,1.0,15.0,21.0,21.0,15.0,17.0,52.0,43.4,32.0,10.416666666666666,14.366666666666667,8.2,12.666666666666666,4.866666666666666,6.8,11.966666666666667,16.033333333333335,13.1,15.1,12.716666666666667,19.533333333333335,8.583333333333334,11.966666666666667,8.966666666666667,12.833333333333334,2.0,30.0,1.0,17.0,6.0,8.0,8.0,13.0,5.0,13.0,6.0,17.0,3.0,7.0,5.0,6.0
2020-11-20,20.0,17.0,6.0,22.0,19.0,31.0,26.0,12.0,63.0,51.3,43.0,10.666666666666666,14.633333333333333,8.45,13.0,4.9,6.966666666666667,12.233333333333333,16.7,13.3,15.5,13.1,20.333333333333332,8.916666666666666,12.7,9.1,13.066666666666666,12.0,1.0,7.0,17.0,1.0,8.0,2.0,19.0,7.0,16.0,7.0,14.0,4.0,9.0,5.0,14.0
2020-11-21,16.0,15.0,14.0,26.0,25.0,28.0,31.0,27.0,64.0,55.2,46.0,10.933333333333334,14.9,8.65,13.333333333333334,5.1,7.333333333333333,12.55,17.0,13.566666666666666,15.9,13.55,20.933333333333334,9.416666666666666,13.533333333333333,9.5,13.666666666666666,8.0,18.0,5.0,19.0,3.0,11.0,17.0,11.0,13.0,11.0,10.0,17.0,6.0,9.0,9.0,11.0
2020-11-22,21.0,22.0,17.0,11.0,19.0,20.0,11.0,13.0,58.0,55.1,51.0,11.183333333333334,15.2,8.933333333333334,13.9,5.316666666666666,7.7,12.566666666666666,17.0,13.683333333333334,16.033333333333335,13.8,20.966666666666665,9.533333333333333,13.533333333333333,9.633333333333333,13.7,12.0,10.0,5.0,6.0,6.0,8.0,11.0,17.0,15.0,12.0,19.0,17.0,11.0,5.0,12.0,11.0
2020-11-23,11.0,19.0,8.0,13.0,18.0,19.0,19.0,8.0,59.0,52.0,45.0,11.316666666666666,15.2,9.083333333333334,14.2,5.4,7.8,12.666666666666666,17.1,13.766666666666667,16.4,13.95,21.366666666666667,9.783333333333333,13.833333333333334,9.683333333333334,13.933333333333334,11.0,7.0,10.0,12.0,5.0,9.0,10.0,13.0,7.0,5.0,7.0,22.0,10.0,6.0,1.0,11.0
2020-11-24,11.0,8.0,5.0,15.0,14.0,24.0,13.0,16.0,52.0,46.2,39.0,11.283333333333333,15.366666666666667,9.15,14.4,5.45,7.933333333333334,12.766666666666667,17.266666666666666,13.816666666666666,16.766666666666666,14.25,21.933333333333334,9.95,14.1,9.866666666666667,14.133333333333333,6.0,13.0,2.0,16.0,1.0,23.0,10.0,34.0,3.0,30.0,7.0,35.0,5.0,25.0,10.0,25.0
2020-11-25,32.0,21.0,7.0,24.0,20.0,36.0,38.0,52.0,56.0,50.7,45.0,11.733333333333333,15.933333333333334,9.483333333333333,14.666666666666666,5.533333333333333,7.966666666666667,13.166666666666666,17.7,13.966666666666667,17.033333333333335,14.816666666666666,22.466666666666665,10.533333333333333,15.166666666666666,10.633333333333333,15.5,15.0,13.0,13.0,16.0,6.0,5.0,11.0,13.0,12.0,24.0,20.0,30.0,6.0,13.0,11.0,13.0
2020-11-26,26.0,23.0,10.0,30.0,22.0,27.0,32.0,23.0,67.0,58.9,51.0,12.15,16.4,9.85,15.166666666666666,5.683333333333334,8.166666666666666,13.666666666666666,18.4,14.3,17.433333333333334,15.216666666666667,23.033333333333335,11.0,16.0,11.0,16.1,12.0,16.0,8.0,21.0,4.0,12.0,9.0,23.0,10.0,14.0,10.0,27.0,7.0,21.0,5.0,19.0
2020-11-27,39.0,40.0,30.0,55.0,57.0,41.0,52.0,36.0,61.0,56.5,52.0,12.733333333333333,16.966666666666665,10.466666666666667,16.3,6.15,9.1,14.516666666666667,19.766666666666666,15.15,18.9,15.816666666666666,23.766666666666666,11.766666666666667,17.3,11.5,16.866666666666667,22.0,17.0,6.0,24.0,2.0,6.0,14.0,19.0,13.0,26.0,19.0,41.0,13.0,21.0,13.0,22.0
2020-11-28,10.0,11.0,11.0,30.0,17.0,21.0,21.0,15.0,61.0,52.5,46.0,12.816666666666666,16.733333333333334,10.583333333333334,16.433333333333334,6.283333333333333,9.3,14.966666666666667,20.466666666666665,15.383333333333333,19.3,16.133333333333333,24.033333333333335,12.05,17.9,11.733333333333333,17.033333333333335,17.0,21.0,7.0,19.0,5.0,8.0,9.0,30.0,5.0,21.0,13.0,33.0,3.0,14.0,10.0,12.0
2020-11-29,17.0,6.0,9.0,16.0,13.0,12.0,15.0,13.0,57.0,48.3,38.0,13.05,16.8,10.633333333333333,16.233333333333334,6.383333333333334,9.366666666666667,15.2,20.5,15.433333333333334,19.433333333333334,16.233333333333334,23.866666666666667,12.283333333333333,17.833333333333332,11.883333333333333,16.666666666666668,15.0,8.0,12.0,9.0,7.0,3.0,15.0,10.0,9.0,16.0,17.0,21.0,17.0,12.0,24.0,8.0
2020-11-30,17.0,10.0,13.0,13.0,17.0,24.0,26.0,13.0,64.0,58.2,49.0,13.333333333333334,16.666666666666668,10.7,16.3,6.533333333333333,9.7,15.25,20.433333333333334,15.333333333333334,19.4,16.5,24.333333333333332,12.566666666666666,18.3,12.033333333333333,16.7,21.0,30.0,8.0,26.0,3.0,15.0,15.0,32.0,18.0,45.0,10.0,43.0,12.0,23.0,12.0,29.0
2020-12-01,17.0,16.0,12.0,24.0,19.0,24.0,21.0,19.0,49.0,44.3,40.0,13.516666666666667,16.933333333333334,10.933333333333334,16.566666666666666,6.683333333333334,10.033333333333333,15.55,20.533333333333335,15.35,19.766666666666666,16.85,25.0,12.85,18.633333333333333,12.233333333333333,17.1,9.0,21.0,8.0,17.0,2.0,9.0,21.0,19.0,8.0,26.0,4.0,28.0,11.0,21.0,7.0,11.0
2020-12-02,31.0,24.0,13.0,42.0,56.0,57.0,50.0,42.0,50.0,42.3,36.0,14.033333333333333,17.5,11.15,17.1,6.85,10.1,16.066666666666666,21.566666666666666,15.983333333333333,21.366666666666667,17.75,26.4,13.683333333333334,19.9,12.9,18.366666666666667,14.0,21.0,8.0,22.0,11.0,15.0,11.0,31.0,8.0,26.0,15.0,40.0,12.0,24.0,4.0,32.0
2020-12-03,40.0,30.0,11.0,33.0,50.0,51.0,49.0,32.0,54.0,44.1,33.0,14.583333333333334,18.466666666666665,11.65,17.6,7.033333333333333,10.3,16.616666666666667,22.333333333333332,16.616666666666667,22.833333333333332,18.55,27.633333333333333,14.466666666666667,21.3,13.416666666666666,19.166666666666668,11.0,15.0,15.0,15.0,5.0,1.0,10.0,15.0,6.0,21.0,14.0,21.0,7.0,15.0,8.0,17.0
2020-12-04,47.0,39.0,27.0,55.0,63.0,57.0,56.0,45.0,53.0,49.3,47.0,15.033333333333333,19.866666666666667,12.3,18.566666666666666,7.416666666666667,11.133333333333333,17.266666666666666,23.6,17.333333333333332,24.5,19.233333333333334,29.266666666666666,15.2,22.833333333333332,13.9,20.233333333333334,5.0,20.0,10.0,17.0,2.0,6.0,17.0,22.0,13.0,19.0,8.0,31.0,10.0,26.0,13.0,12.0
2020-12-05,25.0,16.0,14.0,39.0,38.0,43.0,43.0,33.0,49.0,46.4,43.0,15.316666666666666,19.7,12.566666666666666,18.533333333333335,7.65,11.333333333333334,17.766666666666666,24.466666666666665,17.766666666666666,25.333333333333332,19.866666666666667,30.133333333333333,15.8,24.033333333333335,14.416666666666666,21.133333333333333,30.0,16.0,17.0,15.0,8.0,14.0,13.0,26.0,13.0,25.0,17.0,28.0,7.0,31.0,6.0,27.0
2020-12-06,25.0,6.0,15.0,36.0,28.0,20.0,28.0,29.0,46.0,40.6,34.0,15.733333333333333,20.5,12.516666666666667,18.166666666666668,7.8,11.566666666666666,18.283333333333335,25.033333333333335,17.9,25.733333333333334,20.016666666666666,30.333333333333332,16.183333333333334,24.666666666666668,14.766666666666667,21.633333333333333,1.0,21.0,17.0,22.0,8.0,17.0,19.0,11.0,16.0,19.0,14.0,20.0,9.0,11.0,14.0,13.0
2020-12-07,35.0,18.0,12.0,31.0,41.0,40.0,46.0,42.0,42.0,36.3,33.0,16.2,21.066666666666666,12.7,18.133333333333333,7.933333333333334,11.6,18.55,25.7,18.2,26.733333333333334,20.583333333333332,31.1,16.816666666666666,25.9,15.283333333333333,22.666666666666668,18.0,11.0,19.0,19.0,11.0,8.0,11.0,13.0,11.0,18.0,17.0,19.0,9.0,19.0,11.0,8.0
2020-12-08,36.0,7.0,21.0,45.0,36.0,31.0,40.0,47.0,47.0,38.5,33.0,16.6,21.933333333333334,12.7,18.166666666666668,8.216666666666667,12.033333333333333,19.083333333333332,26.633333333333333,18.683333333333334,27.533333333333335,20.983333333333334,31.566666666666666,17.266666666666666,27.066666666666666,15.983333333333333,23.866666666666667,10.0,11.0,6.0,8.0,8.0,5.0,17.0,15.0,12.0,14.0,17.0,24.0,5.0,13.0,11.0,16.0
2020-12-09,18.0,13.0,6.0,22.0,43.0,46.0,41.0,43.0,44.0,36.9,31.0,16.65,22.3,12.883333333333333,18.2,8.316666666666666,11.933333333333334,19.233333333333334,26.933333333333334,19.233333333333334,28.8,21.666666666666668,32.36666666666667,17.85,28.233333333333334,16.5,24.933333333333334,7.0,32.0,12.0,21.0,9.0,7.0,13.0,24.0,5.0,20.0,22.0,36.0,6.0,38.0,11.0,52.0
2020-12-10,31.0,33.0,12.0,34.0,34.0,29.0,28.0,49.0,51.0,40.8,32.0,17.116666666666667,22.9,13.266666666666667,18.766666666666666,8.466666666666667,11.566666666666666,19.633333333333333,26.933333333333334,19.683333333333334,28.933333333333334,22.083333333333332,32.166666666666664,18.316666666666666,28.333333333333332,17.3,25.733333333333334,13.0,26.0,16.0,23.0,23.0,10.0,34.0,30.0,30.0,22.0,35.0,27.0,25.0,32.0,25.0,23.0
2020-12-11,31.0,24.0,20.0,51.0,27.0,33.0,36.0,57.0,61.0,47.2,36.0,17.583333333333332,23.5,13.666666666666666,19.033333333333335,8.8,12.066666666666666,20.283333333333335,28.2,20.016666666666666,29.033333333333335,22.55,32.266666666666666,18.85,29.1,18.05,27.2,13.0,39.0,16.0,40.0,5.0,30.0,13.0,55.0,24.0,57.0,30.0,41.0,13.0,52.0,13.0,36.0
2020-12-12,33.0,3.0,11.0,28.0,22.0,48.0,56.0,27.0,63.0,49.1,41.0,17.983333333333334,24.066666666666666,13.7,18.433333333333334,8.883333333333333,12.033333333333333,20.55,28.366666666666667,20.3,29.3,23.2,32.96666666666667,19.55,30.266666666666666,18.433333333333334,27.466666666666665,16.0,10.0,21.0,11.0,12.0,11.0,23.0,30.0,14.0,17.0,27.0,21.0,21.0,21.0,19.0,15.0
2020-12-13,23.0,12.0,13.0,30.0,20.0,17.0,15.0,37.0,66.0,53.6,46.0,18.316666666666666,24.266666666666666,13.883333333333333,18.033333333333335,9.066666666666666,12.266666666666667,20.95,28.733333333333334,20.5,29.1,23.433333333333334,32.166666666666664,19.783333333333335,30.066666666666666,18.916666666666668,27.966666666666665,17.0,17.0,24.0,6.0,6.0,9.0,19.0,16.0,26.0,13.0,41.0,12.0,21.0,15.0,22.0,13.0
2020-12-14,42.0,15.0,17.0,44.0,57.0,34.0,36.0,46.0,46.0,41.7,37.0,18.75,24.966666666666665,14.083333333333334,17.9,9.2,12.566666666666666,21.583333333333332,29.2,21.083333333333332,30.3,23.883333333333333,32.2,20.116666666666667,30.8,19.65,29.1,21.0,17.0,19.0,10.0,8.0,13.0,30.0,13.0,21.0,17.0,33.0,24.0,14.0,26.0,12.0,13.0
2020-12-15,30.0,9.0,9.0,40.0,33.0,36.0,42.0,43.0,42.0,36.7,33.0,18.8,25.7,14.166666666666666,17.9,9.316666666666666,12.766666666666667,22.083333333333332,30.2,21.466666666666665,30.866666666666667,24.35,32.7,20.65,31.8,20.25,30.266666666666666,8.0,17.0,9.0,16.0,3.0,12.0,10.0,24.0,16.0,19.0,21.0,24.0,12.0,21.0,8.0,19.0
2020-12-16,31.0,21.0,4.0,26.0,36.0,25.0,26.0,42.0,37.0,33.9,32.0,19.316666666666666,25.733333333333334,14.433333333333334,17.733333333333334,9.383333333333333,12.4,22.333333333333332,30.0,21.916666666666668,30.566666666666666,24.633333333333333,32.1,21.066666666666666,31.9,20.933333333333334,30.7,30.0,31.0,26.0,24.0,15.0,13.0,32.0,42.0,45.0,56.0,43.0,57.0,23.0,50.0,29.0,42.0
2020-12-17,32.0,39.0,12.0,34.0,37.0,46.0,16.0,48.0,41.0,33.2,28.0,19.733333333333334,26.1,15.083333333333334,18.466666666666665,9.55,12.5,22.766666666666666,30.5,22.483333333333334,30.933333333333334,25.35,32.7,21.333333333333332,31.733333333333334,21.7,31.933333333333334,21.0,40.0,17.0,30.0,9.0,11.0,19.0,33.0,26.0,50.0,28.0,51.0,21.0,49.0,11.0,32.0
2020-12-18,36.0,15.0,6.0,29.0,39.0,39.0,32.0,37.0,39.0,34.8,31.0,20.266666666666666,26.6,15.216666666666667,18.233333333333334,9.583333333333334,12.2,23.116666666666667,30.433333333333334,22.966666666666665,31.366666666666667,25.85,32.666666666666664,21.783333333333335,32.0,22.266666666666666,32.1,21.0,47.0,22.0,39.0,15.0,27.0,31.0,55.0,26.0,63.0,40.0,57.0,24.0,56.0,32.0,45.0
2020-12-19,26.0,18.0,11.0,40.0,45.0,46.0,36.0,23.0,37.0,33.0,28.0,20.666666666666668,26.966666666666665,15.5,18.333333333333332,9.666666666666666,12.533333333333333,23.65,31.266666666666666,23.633333333333333,32.166666666666664,26.516666666666666,33.5,22.333333333333332,32.7,22.566666666666666,32.3,15.0,25.0,15.0,16.0,1.0,14.0,15.0,39.0,21.0,38.0,21.0,43.0,15.0,43.0,17.0,33.0
2020-12-20,19.0,0.0,7.0,18.0,24.0,14.0,32.0,26.0,44.0,40.6,35.0,20.783333333333335,26.933333333333334,15.383333333333333,17.766666666666666,9.766666666666667,12.566666666666666,23.916666666666668,31.133333333333333,23.916666666666668,32.333333333333336,26.633333333333333,32.93333333333333,22.8,32.9,22.916666666666668,32.766666666666666,20.0,25.0,17.0,6.0,6.0,15.0,22.0,36.0,19.0,28.0,31.0,20.0,26.0,28.0,12.0,29.0
2020-12-21,17.0,17.0,9.0,21.0,11.0,18.0,22.0,36.0,46.0,42.1,40.0,20.933333333333334,26.966666666666665,15.583333333333334,17.833333333333332,9.866666666666667,12.4,23.983333333333334,30.966666666666665,23.883333333333333,31.866666666666667,26.766666666666666,32.6,23.066666666666666,32.6,23.366666666666667,33.06666666666667,16.0,35.0,15.0,18.0,14.0,12.0,26.0,31.0,25.0,41.0,28.0,40.0,31.0,46.0,27.0,42.0
2020-12-22,42.0,52.0,22.0,41.0,41.0,49.0,24.0,45.0,51.0,44.8,40.0,21.433333333333334,27.666666666666668,16.366666666666667,18.833333333333332,10.133333333333333,12.566666666666666,24.483333333333334,31.966666666666665,24.316666666666666,32.6,27.266666666666666,33.56666666666667,23.283333333333335,33.03333333333333,23.916666666666668,34.13333333333333,21.0,36.0,22.0,7.0,17.0,21.0,11.0,45.0,19.0,36.0,20.0,31.0,11.0,40.0,13.0,47.0
2020-12-23,31.0,4.0,11.0,33.0,32.0,23.0,36.0,35.0,47.0,40.7,32.0,21.766666666666666,28.333333333333332,16.266666666666666,18.333333333333332,10.233333333333333,12.666666666666666,24.866666666666667,32.63333333333333,24.733333333333334,33.06666666666667,27.533333333333335,33.7,23.716666666666665,33.6,24.483333333333334,35.03333333333333,11.0,18.0,19.0,13.0,8.0,6.0,13.0,22.0,18.0,43.0,19.0,46.0,19.0,41.0,8.0,43.0
2020-12-24,27.0,36.0,20.0,38.0,49.0,27.0,24.0,42.0,61.0,56.5,43.0,22.116666666666667,28.866666666666667,16.833333333333332,19.266666666666666,10.55,13.166666666666666,25.333333333333332,33.4,25.5,34.233333333333334,27.866666666666667,33.8,24.033333333333335,33.96666666666667,25.016666666666666,35.9,11.0,31.0,8.0,33.0,5.0,12.0,15.0,34.0,14.0,34.0,24.0,29.0,13.0,28.0,16.0,49.0
2020-12-25,0.0,0.0,0.0,0.0,0.0,0.0,0.0,0.0,54.0,37.0,24.0,21.866666666666667,27.8,16.616666666666667,18.566666666666666,10.45,12.933333333333334,25.15,32.6,25.3,33.56666666666667,27.533333333333335,32.6,23.933333333333334,32.7,24.833333333333332,34.166666666666664,32.0,31.0,21.0,24.0,7.0,20.0,24.0,51.0,20.0,27.0,36.0,33.0,38.0,36.0,52.0,57.0
2020-12-26,63.0,36.0,17.0,80.0,90.0,57.0,68.0,75.0,36.0,29.6,23.0,22.716666666666665,29.033333333333335,17.083333333333332,19.0,10.666666666666666,13.166666666666666,26.333333333333332,34.266666666666666,26.633333333333333,35.833333333333336,28.316666666666666,33.6,24.95,33.9,26.0,35.9,26.0,33.0,23.0,3.0,10.0,11.0,30.0,28.0,22.0,22.0,27.0,48.0,32.0,56.0,23.0,27.0
2020-12-27,12.0,0.0,13.0,10.0,24.0,31.0,12.0,36.0,42.0,34.6,26.0,22.55,28.133333333333333,16.983333333333334,17.666666666666668,10.85,12.6,26.266666666666666,32.766666666666666,26.816666666666666,34.733333333333334,28.516666666666666,33.266666666666666,24.933333333333334,32.56666666666667,26.383333333333333,35.9,39.0,23.0,40.0,12.0,30.0,13.0,55.0,30.0,57.0,20.0,41.0,17.0,52.0,15.0,36.0,37.0
2020-12-28,18.0,18.0,10.0,24.0,45.0,6.0,36.0,29.0,52.0,43.3,35.0,22.566666666666666,28.4,17.166666666666668,17.9,10.933333333333334,12.566666666666666,26.516666666666666,32.56666666666667,27.483333333333334,35.666666666666664,28.4,32.766666666666666,25.483333333333334,33.06666666666667,26.7,36.36666666666667,10.0,42.0,11.0,15.0,11.0,17.0,30.0,44.0,17.0,57.0,21.0,34.0,21.0,36.0,15.0,46.0
2020-12-29,25.0,19.0,15.0,29.0,32.0,38.0,37.0,23.0,42.0,38.6,33.0,22.733333333333334,28.666666666666668,17.283333333333335,18.333333333333332,11.066666666666666,12.766666666666667,26.75,33.0,27.866666666666667,36.3,28.75,33.63333333333333,25.816666666666666,33.8,26.683333333333334,36.7,17.0,30.0,6.0,9.0,9.0,9.0,16.0,40.0,13.0,33.0,12.0,36.0,15.0,42.0,13.0,43.0
2020-12-30,25.0,8.0,12.0,25.0,29.0,29.0,46.0,38.0,46.0,40.6,32.0,22.8,28.933333333333334,17.283333333333335,18.266666666666666,11.216666666666667,12.733333333333333,26.916666666666668,33.4,28.05,36.7,29.066666666666666,33.8,26.383333333333333,34.46666666666667,27.116666666666667,37.53333333333333,17.0,31.0,10.0,21.0,13.0,4.0,13.0,26.0,17.0,36.0,24.0,25.0,26.0,26.0,13.0,42.0
2020-12-31,30.0,43.0,24.0,40.0,35.0,47.0,9.0,41.0,55.0,47.4,41.0,23.15,29.366666666666667,17.866666666666667,19.166666666666668,11.583333333333334,13.133333333333333,27.233333333333334,33.93333333333333,28.5,37.233333333333334,29.783333333333335,34.56666666666667,26.35,34.06666666666667,27.683333333333334,38.266666666666666,17.0,32.0,16.0,39.0,12.0,12.0,24.0,34.0,19.0,37.0,24.0,46.0,21.0,16.0,19.0,48.0
2021-01-01,31.0,22.0,25.0,45.0,27.0,31.0,36.0,36.0,41.0,37.4,36.0,23.433333333333334,29.366666666666667,18.1,19.1,11.816666666666666,13.533333333333333,27.8,34.03333333333333,28.816666666666666,36.266666666666666,30.05,33.7,26.75,33.6,28.216666666666665,38.06666666666667,31.0,36.0,24.0,15.0,13.0,6.0,42.0,29.0,56.0,39.0,57.0,39.0,50.0,32.0,42.0,37.0
2021-01-02,31.0,28.0,12.0,42.0,30.0,37.0,43.0,28.0,57.0,44.1,37.0,23.766666666666666,29.066666666666666,18.316666666666666,19.033333333333335,11.933333333333334,13.566666666666666,28.333333333333332,34.333333333333336,29.216666666666665,35.6,30.433333333333334,33.233333333333334,27.35,33.4,28.55,37.93333333333333,40.0,26.0,30.0,18.0,11.0,11.0,33.0,40.0,50.0,45.0,51.0,46.0,49.0,36.0,32.0,23.0
2021-01-03,20.0,1.0,7.0,24.0,20.0,41.0,11.0,15.0,43.0,40.4,38.0,24.016666666666666,28.166666666666668,18.166666666666668,17.766666666666666,12.016666666666667,12.9,28.45,33.3,29.333333333333332,34.166666666666664,30.983333333333334,32.7,27.366666666666667,31.9,28.583333333333332,36.93333333333333,47.0,19.0,39.0,0.0,27.0,7.0,55.0,18.0,63.0,24.0,57.0,14.0,56.0,32.0,45.0,26.0
2021-01-04,24.0,28.0,14.0,39.0,35.0,27.0,43.0,54.0,46.0,40.5,35.0,23.916666666666668,28.133333333333333,18.35,18.166666666666668,12.116666666666667,12.9,28.883333333333333,33.3,29.7,34.06666666666667,31.15,32.166666666666664,27.966666666666665,31.9,29.383333333333333,37.63333333333333,25.0,17.0,16.0,17.0,14.0,9.0,39.0,21.0,38.0,11.0,43.0,18.0,43.0,22.0,33.0,36.0
2021-01-05,36.0,14.0,14.0,47.0,54.0,76.0,30.0,28.0,43.0,40.8,39.0,24.5,28.5,18.3,18.433333333333334,12.216666666666667,12.866666666666667,29.35,33.666666666666664,30.333333333333332,34.93333333333333,32.18333333333333,34.03333333333333,28.316666666666666,31.966666666666665,29.616666666666667,37.6,25.0,42.0,6.0,52.0,15.0,22.0,36.0,41.0,28.0,41.0,20.0,49.0,28.0,24.0,29.0,45.0
2021-01-06,24.0,22.0,21.0,37.0,42.0,45.0,29.0,41.0,43.0,40.6,38.0,24.6,28.133333333333333,18.35,18.566666666666666,12.383333333333333,13.166666666666666,29.783333333333335,33.86666666666667,30.85,34.96666666666667,32.65,34.2,28.65,31.4,30.116666666666667,37.56666666666667,35.0,31.0,18.0,4.0,12.0,11.0,31.0,33.0,41.0,32.0,40.0,23.0,46.0,36.0,42.0,35.0
2021-01-07,39.0,32.0,20.0,64.0,46.0,59.0,44.0,48.0,47.0,39.8,34.0,25.083333333333332,28.233333333333334,18.783333333333335,19.4,12.583333333333334,13.133333333333333,30.566666666666666,34.5,31.416666666666668,35.3,33.35,35.13333333333333,29.3,31.533333333333335,30.733333333333334,37.6,36.0,27.0,7.0,36.0,21.0,20.0,45.0,38.0,36.0,49.0,31.0,27.0,40.0,24.0,47.0,42.0
2021-01-08,40.0,29.0,17.0,42.0,66.0,54.0,52.0,38.0,38.0,35.5,33.0,25.633333333333333,28.966666666666665,19.066666666666666,19.933333333333334,12.716666666666667,13.5,31.05,35.166666666666664,32.43333333333333,36.06666666666667,33.88333333333333,35.4,30.066666666666666,31.9,31.183333333333334,37.43333333333333,18.0,0.0,13.0,0.0,6.0,0.0,22.0,0.0,43.0,0.0,46.0,0.0,41.0,0.0,43.0,0.0
2021-01-09,37.0,26.0,24.0,55.0,60.0,64.0,24.0,31.0,47.0,38.8,32.0,26.033333333333335,29.166666666666668,19.233333333333334,19.7,12.733333333333333,13.9,31.4,35.86666666666667,32.93333333333333,36.93333333333333,34.36666666666667,36.56666666666667,30.05,31.766666666666666,31.283333333333335,36.833333333333336,31.0,63.0,33.0,36.0,12.0,17.0,34.0,80.0,34.0,90.0,29.0,57.0,28.0,68.0,49.0,75.0
2021-01-10,30.0,13.0,9.0,30.0,34.0,26.0,24.0,37.0,49.0,40.8,35.0,26.316666666666666,29.133333333333333,19.183333333333334,19.333333333333332,12.8,13.533333333333333,31.683333333333334,35.166666666666664,33.1,37.166666666666664,34.3,36.333333333333336,30.233333333333334,31.366666666666667,31.683333333333334,36.166666666666664,31.0,12.0,24.0,0.0,20.0,13.0,51.0,10.0,27.0,24.0,33.0,31.0,36.0,12.0,57.0,36.0
2021-01-11,49.0,26.0,23.0,77.0,62.0,50.0,71.0,59.0,43.0,36.7,30.0,26.866666666666667,29.666666666666668,19.266666666666666,20.1,12.983333333333333,13.933333333333334,32.583333333333336,36.8,33.9,38.5,34.68333333333333,36.4,31.066666666666666,31.866666666666667,32.35,37.233333333333334,33.0,18.0,3.0,18.0,11.0,10.0,28.0,24.0,22.0,45.0,48.0,6.0,56.0,36.0,27.0,29.0
2021-01-12,18.0,21.0,17.0,27.0,16.0,26.0,30.0,19.0,49.0,37.6,30.0,26.883333333333333,29.5,19.216666666666665,20.4,13.166666666666666,14.066666666666666,32.71666666666667,36.7,33.733333333333334,38.36666666666667,34.43333333333333,36.7,31.216666666666665,32.36666666666667,32.3,36.63333333333333,23.0,25.0,12.0,19.0,13.0,15.0,30.0,29.0,20.0,32.0,17.0,38.0,15.0,37.0,37.0,23.0
2021-01-13,30.0,25.0,16.0,36.0,34.0,30.0,20.0,25.0,50.0,39.7,31.0,27.033333333333335,29.1,19.316666666666666,20.733333333333334,13.3,14.033333333333333,32.81666666666667,36.43333333333333,33.95,37.6,34.38333333333333,36.56666666666667,31.316666666666666,31.833333333333332,32.516666666666666,35.93333333333333,42.0,25.0,15.0,8.0,17.0,12.0,44.0,25.0,57.0,29.0,34.0,29.0,36.0,46.0,46.0,38.0
2021-01-14,32.0,28.0,15.0,45.0,41.0,56.0,40.0,33.0,55.0,42.1,32.0,27.433333333333334,29.166666666666668,19.633333333333333,21.366666666666667,13.5,14.233333333333333,33.4,36.6,34.36666666666667,37.86666666666667,34.96666666666667,37.233333333333334,31.783333333333335,31.766666666666666,32.93333333333333,35.6,30.0,30.0,9.0,43.0,9.0,24.0,40.0,40.0,33.0,35.0,36.0,47.0,42.0,9.0,43.0,41.0
2021-01-15,43.0,37.0,35.0,38.0,59.0,56.0,37.0,70.0,52.0,43.9,35.0,27.65,29.566666666666666,19.816666666666666,21.9,13.833333333333334,15.266666666666667,33.5,37.0,34.6,38.63333333333333,35.18333333333333,38.266666666666666,32.016666666666666,32.13333333333333,33.61666666666667,36.53333333333333,31.0,31.0,21.0,22.0,4.0,25.0,26.0,45.0,36.0,27.0,25.0,31.0,26.0,36.0,42.0,36.0
2021-01-16,37.0,22.0,22.0,54.0,47.0,56.0,29.0,35.0,47.0,42.3,35.0,27.916666666666668,29.733333333333334,19.9,21.333333333333332,14.05,15.6,34.083333333333336,37.666666666666664,34.95,38.96666666666667,35.65,38.6,32.15,32.56666666666667,34.016666666666666,36.1,32.0,31.0,39.0,28.0,12.0,12.0,34.0,42.0,37.0,30.0,46.0,37.0,16.0,43.0,48.0,28.0
2021-01-17,12.0,7.0,9.0,30.0,26.0,27.0,37.0,31.0,49.0,40.8,34.0,27.766666666666666,28.933333333333334,19.65,21.066666666666666,13.95,15.7,34.06666666666667,37.7,34.95,38.53333333333333,35.43333333333333,38.2,32.36666666666667,32.733333333333334,34.0,35.9,36.0,20.0,15.0,1.0,6.0,7.0,29.0,24.0,39.0,20.0,39.0,41.0,32.0,11.0,37.0,15.0
2021-01-18,28.0,3.0,19.0,27.0,31.0,35.0,48.0,30.0,46.0,40.0,35.0,27.983333333333334,29.0,19.45,20.566666666666666,14.25,15.966666666666667,34.266666666666666,37.266666666666666,35.11666666666667,38.06666666666667,35.666666666666664,37.833333333333336,32.916666666666664,33.13333333333333,34.21666666666667,36.13333333333333,26.0,24.0,18.0,28.0,11.0,14.0,40.0,39.0,45.0,35.0,46.0,27.0,36.0,43.0,23.0,54.0
