Date,Ward_1_Scaled,Ward_2_Scaled,Ward_3_Scaled,Ward_4_Scaled,Ward_5_Scaled,Ward_6_Scaled,Ward_7_Scaled,Ward_8_Scaled,Avg_Temp_Scaled
2020-04-01,-0.36761463545699175,0.4690519780214783,-0.5103686756159038,-0.5135934213534985,-0.743528460476612,-0.25212057604247734,-0.7344321149164635,-0.654434754460733,-1.0528005041385309
2020-04-02,-0.453167525201947,-0.31181296266200537,-0.3499201542044663,-0.4486741493705067,-0.17804153271633338,0.236169604753671,0.09062006576522422,-0.654434754460733,-0.6182393099143242
2020-04-03,0.14570270301273933,0.4690519780214783,-0.6708171970273414,0.5251149303743707,0.4581312610139801,0.6547040454360838,0.39063904055856524,0.1267664357714678,-0.4281187874412339
2020-04-04,-0.6242733046918573,-0.9811257689621342,-0.3499201542044663,-0.5785126933364904,-0.9555860583867165,-0.8799222370660966,-0.2093989090281168,0.6238944659192319,-0.5910792352753114
2020-04-05,-0.1965088559670814,0.6921562467881879,-0.029023111381591138,0.2654378424424035,-0.5314708625665076,1.1429942262322321,0.39063904055856524,-0.654434754460733,-0.4077487314619739
2020-04-06,0.14570270301273933,0.13439557487141385,-0.029023111381591138,-0.12407778945554752,-0.24872739868636823,0.026902384412464578,0.015615322066888959,0.2688030158136861,-0.05466776115480613
2020-04-07,0.915678710717336,0.9152605155548975,0.4523224528527216,1.239226922187281,0.8115605908641543,1.2825057064597032,1.215691221240253,1.6891688162358691,-0.1361479850718446
2020-04-08,-0.1965088559670814,-0.6464693658120698,0.4523224528527216,0.1355992984764198,0.10470193116380594,-0.6008992766111547,1.2906959649385883,-0.44137988439740544,0.21693298523532314
2020-04-09,-0.28206174571203657,-0.08870869389529576,1.4150135813213471,0.2654378424424035,-0.39009913062643786,-0.0428533557012709,0.24062955316189472,-0.15730672431296883,-0.23799826496814308
2020-04-10,0.4023613722476049,-0.31181296266200537,0.7732194956755968,0.1355992984764198,0.2460736631038756,-0.25212057604247734,0.915672246446912,-0.44137988439740544,-1.0731705601177908
2020-04-11,0.14570270301273933,0.022843440488059048,-0.3499201542044663,-0.2539163334215312,0.10470193116380594,0.026902384412464578,0.16562480946355945,-0.015270144270750519,-0.7676197204288955
2020-04-12,-0.7953790841817677,1.249916918704962,-0.5103686756159038,-0.6434319653194822,-0.743528460476612,-0.5311435364974192,-0.584422627519793,-0.44137988439740544,-0.3058984515656754
2020-04-13,-0.6242733046918573,-0.7580215001954246,-0.5103686756159038,-0.318835605404523,-0.8849001924166817,-0.8799222370660966,-0.8844416023131341,-0.5123981744185147,0.16261283595729747
2020-04-14,-0.11095596622212622,-0.8695736345787795,0.9336680170870343,1.0444691062383054,-0.10735566674629855,-0.4613877963836837,0.7656627590502415,0.4108395958559044,-0.7676197204288955
2020-04-15,0.5734671517375152,0.13439557487141385,0.29187393144128404,0.5900342023573626,1.0943040547442937,0.026902384412464578,1.7407244271285998,1.2630590761092142,-1.290451157229894
2020-04-16,0.3168084825026497,0.5806041124048331,0.13142541002984645,0.9795498342553136,-0.03666980077626372,0.6547040454360838,0.39063904055856524,0.48185788587701356,-1.0663805414580376
2020-04-17,1.0867844902072463,-0.08870869389529576,3.6612928810814735,1.1093883782212972,0.3167595290739105,0.09665812452620005,0.31563429686023,0.48185788587701356,-0.8898400563044534
2020-04-18,0.5734671517375152,-0.6464693658120698,-0.029023111381591138,-0.0591585174725557,-0.3194132646564031,-0.8799222370660966,1.6657196834302646,-0.08628843429185967,-0.8626799816654406
2020-04-19,-0.025403076477171046,-0.20026082827865058,1.4150135813213471,0.20051857045941163,0.17538779713384078,-0.25212057604247734,-0.13439416532978155,0.4108395958559044,-0.645399384553337
2020-04-20,-0.28206174571203657,-0.6464693658120698,-0.9917142398502166,-0.18899706143853937,0.2460736631038756,-0.4613877963836837,0.915672246446912,3.7486992268480344,-0.4484888434204934
2020-04-21,-0.8809319739267228,-0.31181296266200537,-0.9917142398502166,0.5900342023573626,0.528817126984015,-0.11260909581500637,-0.43441314012312254,-0.22832501433407798,-0.4281187874412339
2020-04-22,0.2312555927576945,1.0268126499382524,-0.831265718438779,0.005760754510436134,0.6701888589240846,0.30592534486740647,0.015615322066888959,0.19778472579257694,-0.8355199070264278
2020-04-23,1.0867844902072463,-0.9811257689621342,3.019498795435723,0.9146305622723218,1.0236181887742588,-0.8101664969523611,-0.13439416532978155,0.33982130583479525,-0.6046592725948176
2020-04-24,0.8301258209723807,-0.534917231428715,-0.029023111381591138,1.4339847381362565,0.528817126984015,-0.6706550167248901,0.39063904055856524,0.2688030158136861,-0.5707091792960514
2020-04-25,0.2312555927576945,-0.4233650970453602,0.6127709742641592,0.5251149303743707,1.5184192505645027,-0.6706550167248901,0.8406675027485767,-0.29934330435518713,-0.5571291419765452
2020-04-26,-0.7098261944368125,-0.9811257689621342,-0.9917142398502166,-0.0591585174725557,0.10470193116380594,-1.0194337172935675,-0.584422627519793,-0.7964713345029513,-0.6793494778521032
2020-04-27,0.915678710717336,-0.4233650970453602,-0.9917142398502166,0.1355992984764198,-0.10735566674629855,-1.0194337172935675,0.015615322066888959,0.6238944659192319,-0.869470000325194
2020-04-28,1.1723373799522014,1.0268126499382524,-0.6708171970273414,0.39527638640838714,1.2356757866843633,-0.0428533557012709,1.515710196033594,1.4761139461725417,-0.7744097390886483
2020-04-29,2.1989720568916638,-0.20026082827865058,0.9336680170870343,1.8235003700342074,0.4581312610139801,0.16641386463993552,0.9906769901452472,1.3340773661303233,-0.06145777981455897
2020-04-30,3.054500954341216,1.919229725005091,0.9336680170870343,3.641239985557979,2.5080213741449904,0.236169604753671,1.9657386582236056,2.044260266341415,-0.14972802239135127
2020-05-01,1.1723373799522014,-0.8695736345787795,0.29187393144128404,1.3690654661532646,0.38744539504394526,-0.4613877963836837,-0.43441314012312254,-0.08628843429185967,-0.3058984515656754
2020-05-02,1.1723373799522014,-0.20026082827865058,0.4523224528527216,1.4989040101192481,2.0132203123547465,-0.11260909581500637,1.815729170826935,0.33982130583479525,-0.10219789177307846
2020-05-03,0.4023613722476049,-0.08870869389529576,-0.5103686756159038,1.953338914000191,0.9529323228042239,-0.3218763161562128,0.16562480946355945,0.5528761758981228,0.20335294791581648
2020-05-04,1.0012316004622912,0.3574998436381235,-0.5103686756159038,0.6549534743403544,0.17538779713384078,0.7942155256635548,0.46564378425690045,-0.15730672431296883,0.21693298523532314
2020-05-05,0.14570270301273933,-0.20026082827865058,0.4523224528527216,1.0444691062383054,0.6701888589240846,-0.4613877963836837,-0.3594083964247873,0.5528761758981228,-0.645399384553337
2020-05-06,1.8567604979118428,-0.4233650970453602,-0.029023111381591138,1.6936618260682237,1.6597909825045722,0.026902384412464578,0.39063904055856524,0.5528761758981228,-0.7540396831093887
2020-05-07,1.1723373799522014,0.6921562467881879,0.13142541002984645,2.7323701777960934,1.801162714444642,0.5151925652086129,1.5907149397319293,1.0500042060458867,-0.5163890300180257
2020-05-08,1.7712076081668877,-0.4233650970453602,-0.3499201542044663,2.2130160019321585,1.6597909825045722,-0.0428533557012709,0.46564378425690045,1.1210224960669959,-0.49601897403876616
2020-05-09,1.0012316004622912,-0.31181296266200537,-0.3499201542044663,1.239226922187281,0.3167595290739105,-0.18236483592874184,0.915672246446912,0.6949127559403411,-1.2768711199103877
2020-05-10,0.14570270301273933,0.022843440488059048,-0.5103686756159038,0.9795498342553136,-0.17804153271633338,-0.6008992766111547,0.31563429686023,-0.3703615943762963,-0.6861394965118565
2020-05-11,0.5734671517375152,-0.08870869389529576,-0.5103686756159038,0.2654378424424035,-0.6021567285365423,-0.4613877963836837,-0.2093989090281168,-0.44137988439740544,-0.5707091792960514
2020-05-12,-0.5387204149469021,-0.6464693658120698,-0.3499201542044663,0.7198727463233463,-0.17804153271633338,-0.6008992766111547,0.09062006576522422,-0.015270144270750519,-0.6521894032130903
2020-05-13,1.1723373799522014,-0.9811257689621342,-0.18947163279302873,1.953338914000191,0.3167595290739105,-0.4613877963836837,0.24062955316189472,-0.29934330435518713,-0.3262685075449354
2020-05-14,0.14570270301273933,-0.4233650970453602,-0.6708171970273414,0.8497112902893299,-0.10735566674629855,-0.25212057604247734,-0.43441314012312254,1.6891688162358691,-0.11577792909258512
2020-05-15,1.0867844902072463,-0.20026082827865058,-0.3499201542044663,1.4339847381362565,-0.03666980077626372,-0.39163205626994824,0.8406675027485767,1.192040786088105,0.705814328737556
2020-05-16,-0.28206174571203657,-0.534917231428715,-0.029023111381591138,-0.38375487738751485,0.4581312610139801,-0.8799222370660966,-0.13439416532978155,-0.7964713345029513,0.7329744033765693
2020-05-17,0.7445729312274256,-0.20026082827865058,-0.5103686756159038,0.9795498342553136,0.3167595290739105,-0.6008992766111547,0.915672246446912,0.6238944659192319,0.11508270533902466
2020-05-18,2.027866277401753,0.4690519780214783,-0.5103686756159038,0.784792018306338,0.4581312610139801,-0.6706550167248901,0.46564378425690045,-0.15730672431296883,-0.08182783579381896
2020-05-19,-0.453167525201947,-0.6464693658120698,-0.6708171970273414,1.4339847381362565,0.17538779713384078,-0.6706550167248901,-0.3594083964247873,0.5528761758981228,-0.08861785445357229
2020-05-20,2.1134191671467084,0.022843440488059048,-0.5103686756159038,3.511401441591995,0.6701888589240846,0.236169604753671,2.0407434019219406,0.48185788587701356,-0.4077487314619739
2020-05-21,0.8301258209723807,0.022843440488059048,0.29187393144128404,-0.2539163334215312,0.2460736631038756,-0.8799222370660966,-0.2093989090281168,-0.3703615943762963,-0.19046813434987075
2020-05-22,-0.36761463545699175,-0.08870869389529576,-0.5103686756159038,-0.6434319653194822,-0.03666980077626372,-0.6706550167248901,-0.28440365272645207,-0.5834164644396238,0.19656292925606364
2020-05-23,0.48791426199256005,0.5806041124048331,0.29187393144128404,1.4339847381362565,0.7408747248941194,-0.6706550167248901,-0.5094178838214578,-0.015270144270750519,0.6107540675010104
2020-05-24,0.4023613722476049,-0.08870869389529576,-0.3499201542044663,0.7198727463233463,-0.10735566674629855,-0.11260909581500637,-0.28440365272645207,-0.3703615943762963,0.10829268667927182
2020-05-25,0.6590200414824704,1.0268126499382524,-0.6708171970273414,0.20051857045941163,-0.03666980077626372,-0.7404107568386257,-0.13439416532978155,-0.5123981744185147,0.28483317183285545
2020-05-26,-0.1965088559670814,-0.8695736345787795,-0.831265718438779,-0.4486741493705067,-0.39009913062643786,-0.7404107568386257,-0.43441314012312254,0.1267664357714678,0.5156938062644657
2020-05-27,-0.36761463545699175,-0.7580215001954246,-0.6708171970273414,-0.318835605404523,-0.39009913062643786,-0.39163205626994824,-0.059389421631446296,0.055748145750358635,0.6311241234802708
2020-05-28,-0.36761463545699175,-0.8695736345787795,-0.5103686756159038,-0.5785126933364904,-0.9555860583867165,-0.5311435364974192,-0.8094368586147989,-0.7964713345029513,0.8144546272936073
2020-05-29,0.7445729312274256,-0.9811257689621342,-0.9917142398502166,0.9146305622723218,0.17538779713384078,0.4454368250948774,2.1907528893186115,2.115278556362524,1.031735224405711
2020-05-30,-0.5387204149469021,-0.9811257689621342,-0.831265718438779,-0.4486741493705067,-0.3194132646564031,-0.6706550167248901,0.015615322066888959,0.055748145750358635,0.8484047205923735
2020-05-31,-0.5387204149469021,-0.7580215001954246,-0.6708171970273414,-0.8381897812684577,-0.39009913062643786,-0.8799222370660966,-0.3594083964247873,-0.44137988439740544,0.3731034144096473
2020-06-01,-0.7098261944368125,-0.9811257689621342,-0.831265718438779,-0.8381897812684577,-1.0262719243567513,-0.949677977179832,-1.0344510897098045,-0.5123981744185147,0.17619287327680414
2020-06-02,-1.2231435329065437,-0.9811257689621342,-0.9917142398502166,-1.2277054131664087,-1.238329522266856,-1.0194337172935675,-1.1844605771064751,-1.151562784608497,0.28483317183285545
2020-06-03,2.6267365056164396,-0.08870869389529576,0.29187393144128404,2.7323701777960934,0.2460736631038756,0.09665812452620005,0.24062955316189472,2.044260266341415,1.187905653580035
2020-06-04,-0.025403076477171046,-0.6464693658120698,-0.3499201542044663,-0.38375487738751485,-0.24872739868636823,-0.4613877963836837,-0.584422627519793,0.055748145750358635,1.0860553736837366
2020-06-05,-0.28206174571203657,-0.8695736345787795,-0.5103686756159038,-0.12407778945554752,-0.8142143264466469,-0.6706550167248901,-0.43441314012312254,-0.15730672431296883,0.8076646086338545
2020-06-06,-0.6242733046918573,-0.7580215001954246,-0.6708171970273414,-0.4486741493705067,-0.6728425945065772,-0.4613877963836837,-0.43441314012312254,-0.22832501433407798,1.1811156349202823
2020-06-07,0.06014981326778413,-0.9811257689621342,-0.831265718438779,-0.6434319653194822,-0.8849001924166817,-0.8101664969523611,-0.7344321149164635,-0.29934330435518713,0.8551947392521273
2020-06-08,-0.5387204149469021,-0.534917231428715,-0.18947163279302873,0.07068002649342796,-0.6021567285365423,-0.5311435364974192,-0.28440365272645207,-0.08628843429185967,0.7193943660570626
2020-06-09,-0.453167525201947,-0.8695736345787795,-0.5103686756159038,-0.2539163334215312,-0.8849001924166817,-0.18236483592874184,-0.584422627519793,-0.5834164644396238,1.0385252430654648
2020-06-10,-1.0520377534166332,-0.7580215001954246,-0.029023111381591138,-0.5785126933364904,-0.5314708625665076,-0.7404107568386257,-0.8844416023131341,-0.3703615943762963,1.3237060267750997
2020-06-11,0.3168084825026497,-0.7580215001954246,-0.831265718438779,-0.5785126933364904,-0.4607849965964727,-0.5311435364974192,-0.584422627519793,-0.5834164644396238,1.0656853177044772
2020-06-12,-0.1965088559670814,-0.8695736345787795,-0.831265718438779,-0.4486741493705067,-1.0262719243567513,-0.6706550167248901,-0.28440365272645207,-0.7254530444818421,1.0860553736837366
2020-06-13,-0.7098261944368125,-0.534917231428715,-0.9917142398502166,-0.18899706143853937,-0.8142143264466469,-0.8799222370660966,-0.28440365272645207,-0.22832501433407798,0.6582841981192832
2020-06-14,-0.7953790841817677,-0.6464693658120698,-0.831265718438779,-0.9031090532514495,-0.9555860583867165,-0.7404107568386257,-1.0344510897098045,-0.5834164644396238,0.48174371296569957
2020-06-15,-0.7953790841817677,-0.534917231428715,-0.9917142398502166,-0.4486741493705067,-0.8849001924166817,-0.7404107568386257,-0.8844416023131341,-1.0095262045662787,0.47495369430594575
2020-06-16,-0.9664848636716781,-0.8695736345787795,-0.6708171970273414,-0.708351237302474,-1.0262719243567513,-0.6706550167248901,-1.0344510897098045,-0.8674896245240604,0.47495369430594575
2020-06-17,-0.7098261944368125,-0.8695736345787795,-0.18947163279302873,-0.8381897812684577,-0.6021567285365423,-0.6008992766111547,-0.584422627519793,-0.29934330435518713,0.3731034144096473
2020-06-18,-0.7953790841817677,-0.534917231428715,-0.5103686756159038,-0.38375487738751485,-0.9555860583867165,-0.7404107568386257,-0.5094178838214578,-0.7254530444818421,0.5971740301815047
2020-06-19,-0.7953790841817677,-0.8695736345787795,-0.9917142398502166,-0.6434319653194822,-0.8849001924166817,-0.8799222370660966,-0.9594463460114693,-0.7254530444818421,0.8280346646131139
2020-06-20,-0.1965088559670814,-0.9811257689621342,-0.831265718438779,-0.708351237302474,-0.8142143264466469,-0.6706550167248901,-1.10945583340814,-1.0095262045662787,0.6718642354387898
2020-06-21,-0.8809319739267228,-0.7580215001954246,-0.831265718438779,-0.9031090532514495,-0.9555860583867165,-0.18236483592874184,-0.9594463460114693,-0.7254530444818421,0.8619847579118801
2020-06-22,-0.7098261944368125,-0.7580215001954246,-0.6708171970273414,-0.5785126933364904,-0.9555860583867165,-0.8799222370660966,-0.6594273712181283,-0.9385079145451696,1.0521052803849704
2020-06-23,-0.7098261944368125,-0.534917231428715,-0.9917142398502166,-0.9680283252344413,-0.8142143264466469,-0.8101664969523611,-0.6594273712181283,-0.8674896245240604,1.0521052803849704
2020-06-24,-1.1375906431615883,-0.08870869389529576,-0.831265718438779,-0.8381897812684577,-1.0969577903267862,-0.6706550167248901,-0.9594463460114693,-0.7964713345029513,1.1267954856422566
2020-06-25,-0.6242733046918573,-0.6464693658120698,-0.9917142398502166,-1.0329475972174331,-1.0262719243567513,-0.7404107568386257,-1.10945583340814,-0.8674896245240604,0.9638350378081786
2020-06-26,-0.8809319739267228,-0.7580215001954246,-0.6708171970273414,-0.7732705092854658,-0.6728425945065772,-0.4613877963836837,-1.0344510897098045,-1.0805444945873879,1.0996354110032431
2020-06-27,-1.0520377534166332,-0.6464693658120698,-0.18947163279302873,-0.9031090532514495,-0.8142143264466469,-0.6706550167248901,-0.8844416023131341,-1.0095262045662787,1.2897559334763335
2020-06-28,-0.453167525201947,-0.9811257689621342,-0.5103686756159038,-0.7732705092854658,-1.167643656296821,-0.5311435364974192,-0.6594273712181283,-0.5123981744185147,1.3169160081153468
2020-06-29,-0.8809319739267228,-0.6464693658120698,-0.831265718438779,-0.8381897812684577,-0.8849001924166817,-0.4613877963836837,-0.8094368586147989,-0.9385079145451696,1.4187662880116454
2020-06-30,-0.7953790841817677,-0.20026082827865058,-0.9917142398502166,-0.9680283252344413,-1.0969577903267862,-0.5311435364974192,-0.6594273712181283,-0.7964713345029513,1.3237060267750997
2020-07-01,-0.9664848636716781,-0.31181296266200537,-0.9917142398502166,-1.0329475972174331,-1.167643656296821,-0.8101664969523611,-0.9594463460114693,-0.7964713345029513,1.0656853177044772
2020-07-02,-0.6242733046918573,-0.20026082827865058,-0.6708171970273414,-0.6434319653194822,-0.8142143264466469,-0.7404107568386257,-1.0344510897098045,-0.7254530444818421,1.3237060267750997
2020-07-03,-1.1375906431615883,-0.8695736345787795,-0.6708171970273414,-1.2277054131664087,-1.0262719243567513,-0.949677977179832,-0.9594463460114693,-1.151562784608497,1.6360468851237489
2020-07-04,-0.5387204149469021,-0.4233650970453602,-0.831265718438779,-1.0329475972174331,-1.0969577903267862,-0.6008992766111547,-0.8094368586147989,-0.8674896245240604,1.4934564932689305
2020-07-05,-0.7098261944368125,-0.7580215001954246,-0.5103686756159038,-0.8381897812684577,-1.0262719243567513,-0.8101664969523611,-0.8094368586147989,-0.7964713345029513,1.3304960454348536
2020-07-06,-0.7098261944368125,-0.9811257689621342,-0.5103686756159038,-0.6434319653194822,-0.4607849965964727,-0.6008992766111547,-0.3594083964247873,-1.0805444945873879,1.1811156349202823
2020-07-07,-0.7098261944368125,0.13439557487141385,0.29187393144128404,-0.7732705092854658,-0.9555860583867165,-0.25212057604247734,-0.13439416532978155,0.1267664357714678,0.9570450191484258
2020-07-08,-0.7098261944368125,-0.534917231428715,-0.831265718438779,-0.7732705092854658,-0.8142143264466469,-0.949677977179832,-0.7344321149164635,-0.8674896245240604,1.3304960454348536
2020-07-09,-0.8809319739267228,-0.08870869389529576,-0.029023111381591138,-0.7732705092854658,-0.8849001924166817,-0.18236483592874184,-0.6594273712181283,-0.3703615943762963,1.2558058401775674
2020-07-10,-0.36761463545699175,-0.4233650970453602,-0.5103686756159038,-0.6434319653194822,-0.8142143264466469,-0.5311435364974192,-0.5094178838214578,-0.44137988439740544,1.269385877497074
2020-07-11,-0.7953790841817677,-0.6464693658120698,-0.831265718438779,-0.7732705092854658,-0.743528460476612,-0.4613877963836837,-0.8844416023131341,-0.3703615943762963,1.357656120073866
2020-07-12,-0.5387204149469021,-0.534917231428715,-0.6708171970273414,-0.7732705092854658,-0.6021567285365423,-0.7404107568386257,-0.28440365272645207,-0.654434754460733,1.235435784198308
2020-07-13,-0.6242733046918573,-0.534917231428715,-0.831265718438779,-0.9031090532514495,-0.743528460476612,-0.6008992766111547,-0.5094178838214578,-0.7254530444818421,1.1743256162605293
2020-07-14,-0.453167525201947,0.4690519780214783,-0.3499201542044663,-0.708351237302474,-0.3194132646564031,-0.18236483592874184,-0.28440365272645207,-0.5834164644396238,1.228645765538555
2020-07-15,-0.6242733046918573,-0.20026082827865058,-0.831265718438779,-0.8381897812684577,-0.6021567285365423,-0.5311435364974192,-0.584422627519793,-0.7254530444818421,1.2625958588373212
2020-07-16,-0.7098261944368125,-0.08870869389529576,-0.6708171970273414,-0.9680283252344413,-0.6728425945065772,-0.7404107568386257,-0.8844416023131341,-0.9385079145451696,1.1335855043020093
2020-07-17,-0.6242733046918573,-0.31181296266200537,-0.3499201542044663,-0.9680283252344413,-0.3194132646564031,0.16641386463993552,0.09062006576522422,-0.3703615943762963,1.4051862506921386
2020-07-18,-0.6242733046918573,0.022843440488059048,0.13142541002984645,-0.7732705092854658,-0.6021567285365423,0.026902384412464578,-0.43441314012312254,-0.9385079145451696,1.717527109040788
2020-07-19,-0.36761463545699175,-0.08870869389529576,-0.6708171970273414,-0.5785126933364904,-0.03666980077626372,-0.18236483592874184,-0.7344321149164635,-0.5834164644396238,1.7446871836798001
2020-07-20,-0.8809319739267228,-0.9811257689621342,-0.029023111381591138,-0.0591585174725557,-0.17804153271633338,-0.6706550167248901,0.09062006576522422,-0.29934330435518713,1.55456666120671
2020-07-21,-0.5387204149469021,-0.9811257689621342,-0.5103686756159038,-0.2539163334215312,-0.17804153271633338,-0.5311435364974192,0.24062955316189472,0.6238944659192319,1.3169160081153468
2020-07-22,-0.36761463545699175,-0.534917231428715,-0.9917142398502166,-0.9680283252344413,-0.6021567285365423,-0.8101664969523611,-0.8844416023131341,-1.0095262045662787,1.024945205745958
2020-07-23,-0.28206174571203657,0.13439557487141385,-0.9917142398502166,-0.6434319653194822,-0.39009913062643786,-0.5311435364974192,-0.2093989090281168,-0.15730672431296883,1.147165541621516
2020-07-24,-0.6242733046918573,-0.534917231428715,-0.6708171970273414,-0.38375487738751485,-0.5314708625665076,-0.5311435364974192,-0.43441314012312254,-0.22832501433407798,1.024945205745958
2020-07-25,-0.36761463545699175,0.022843440488059048,-0.3499201542044663,-0.5785126933364904,-0.8849001924166817,-0.7404107568386257,-0.6594273712181283,-0.44137988439740544,1.3101259894555939
2020-07-26,-0.6242733046918573,-0.4233650970453602,-0.3499201542044663,0.20051857045941163,-0.5314708625665076,-0.4613877963836837,-0.6594273712181283,-0.08628843429185967,1.6088868104847356
2020-07-27,-0.28206174571203657,0.022843440488059048,-0.029023111381591138,-0.5785126933364904,-0.6021567285365423,-0.3218763161562128,0.46564378425690045,-0.5123981744185147,1.6835770157420218
2020-07-28,-0.5387204149469021,-0.8695736345787795,-0.9917142398502166,-0.9031090532514495,-0.39009913062643786,-0.6706550167248901,-0.43441314012312254,-0.3703615943762963,1.5206165679079438
2020-07-29,-0.9664848636716781,-0.534917231428715,-0.831265718438779,-0.318835605404523,-0.6728425945065772,-0.7404107568386257,-0.13439416532978155,-0.5834164644396238,1.425556306671398
2020-07-30,-0.8809319739267228,-0.9811257689621342,-0.9917142398502166,-0.4486741493705067,-0.5314708625665076,-0.11260909581500637,0.16562480946355945,-0.22832501433407798,1.350866101414113
2020-07-31,-0.5387204149469021,-0.534917231428715,-0.831265718438779,0.005760754510436134,-0.3194132646564031,-0.39163205626994824,-0.28440365272645207,-0.29934330435518713,0.8959348512106463
2020-08-01,-0.7098261944368125,-0.6464693658120698,-0.3499201542044663,-0.4486741493705067,-0.3194132646564031,-0.8101664969523611,-0.28440365272645207,-0.29934330435518713,1.2422258028580617
2020-08-02,-1.1375906431615883,-0.6464693658120698,-0.6708171970273414,-0.6434319653194822,-0.9555860583867165,-0.8799222370660966,-0.2093989090281168,-0.7254530444818421,1.3848161947128792
2020-08-03,-0.5387204149469021,-0.6464693658120698,-0.18947163279302873,-0.0591585174725557,-0.3194132646564031,-0.25212057604247734,-0.6594273712181283,0.19778472579257694,0.9977851311069448
2020-08-04,-1.1375906431615883,-0.6464693658120698,-0.831265718438779,-0.5785126933364904,-0.8142143264466469,-0.39163205626994824,-0.7344321149164635,-0.44137988439740544,0.8551947392521273
2020-08-05,-0.7953790841817677,-0.4233650970453602,-0.18947163279302873,-0.12407778945554752,-0.39009913062643786,-0.5311435364974192,-0.5094178838214578,-0.08628843429185967,1.1335855043020093
2020-08-06,-0.7098261944368125,-0.31181296266200537,-0.6708171970273414,-0.8381897812684577,-0.39009913062643786,-0.39163205626994824,0.46564378425690045,-0.44137988439740544,1.0045751497666986
2020-08-07,-0.9664848636716781,-0.4233650970453602,-0.6708171970273414,-0.18899706143853937,-0.4607849965964727,-0.3218763161562128,-0.7344321149164635,-0.3703615943762963,0.9570450191484258
2020-08-08,-0.11095596622212622,-0.8695736345787795,-0.029023111381591138,-0.4486741493705067,0.38744539504394526,0.16641386463993552,-0.28440365272645207,-0.22832501433407798,0.9298849445094125
2020-08-09,-0.7098261944368125,-0.4233650970453602,-0.18947163279302873,-0.9680283252344413,-0.24872739868636823,-0.6706550167248901,-0.7344321149164635,-0.7254530444818421,1.2558058401775674
2020-08-10,-0.7953790841817677,-0.534917231428715,-0.18947163279302873,-0.2539163334215312,-0.03666980077626372,0.09665812452620005,0.015615322066888959,-0.5123981744185147,1.34407608275436
2020-08-11,-0.7953790841817677,-0.6464693658120698,-0.5103686756159038,-0.5135934213534985,-0.3194132646564031,-0.4613877963836837,-0.43441314012312254,-0.44137988439740544,1.34407608275436
2020-08-12,-0.9664848636716781,-0.7580215001954246,-0.029023111381591138,-0.9031090532514495,-0.10735566674629855,-0.18236483592874184,-0.2093989090281168,-0.7964713345029513,1.2218557468788012
2020-08-13,-0.6242733046918573,-0.9811257689621342,0.13142541002984645,0.005760754510436134,-0.17804153271633338,-0.39163205626994824,0.24062955316189472,0.1267664357714678,0.990995112447192
2020-08-14,-0.8809319739267228,-0.7580215001954246,-0.831265718438779,-0.708351237302474,-1.0969577903267862,-0.6008992766111547,-0.2093989090281168,-0.8674896245240604,1.0453152617252175
2020-08-15,-0.7098261944368125,-0.534917231428715,-0.6708171970273414,-0.708351237302474,-0.3194132646564031,-0.6706550167248901,-0.3594083964247873,-0.44137988439740544,0.8959348512106463
2020-08-16,-1.0520377534166332,-0.31181296266200537,-0.9917142398502166,-0.7732705092854658,-0.03666980077626372,-0.7404107568386257,-0.584422627519793,-0.5123981744185147,0.4681636756461929
2020-08-17,-0.9664848636716781,-0.534917231428715,-0.5103686756159038,-0.6434319653194822,-0.6728425945065772,-0.5311435364974192,-0.584422627519793,-0.44137988439740544,0.7193943660570626
2020-08-18,-0.7953790841817677,-0.8695736345787795,-0.9917142398502166,-0.8381897812684577,-1.0262719243567513,-1.0194337172935675,-0.584422627519793,-0.7964713345029513,0.9570450191484258
2020-08-19,-0.453167525201947,-0.31181296266200537,-0.029023111381591138,-0.708351237302474,-0.9555860583867165,-0.4613877963836837,-0.584422627519793,-0.7254530444818421,0.8551947392521273
2020-08-20,-0.7098261944368125,-0.6464693658120698,-0.5103686756159038,-0.5135934213534985,-0.5314708625665076,-0.8799222370660966,-0.2093989090281168,-0.3703615943762963,0.8619847579118801
2020-08-21,-0.7953790841817677,-0.534917231428715,-0.5103686756159038,-0.5135934213534985,-0.6021567285365423,-0.4613877963836837,-0.43441314012312254,-0.29934330435518713,0.9095148885301529
2020-08-22,-0.7953790841817677,0.022843440488059048,-0.831265718438779,-1.0329475972174331,-0.3194132646564031,-0.949677977179832,-0.28440365272645207,-0.3703615943762963,0.9842050937874381
2020-08-23,-0.9664848636716781,-0.4233650970453602,-0.6708171970273414,-0.318835605404523,-1.0262719243567513,-0.25212057604247734,-0.584422627519793,-0.9385079145451696,1.2014856908995417
2020-08-24,-1.0520377534166332,-0.534917231428715,-0.5103686756159038,-0.6434319653194822,-0.8849001924166817,-0.39163205626994824,-0.6594273712181283,-0.7964713345029513,1.1946956722397888
2020-08-25,-0.6242733046918573,-0.7580215001954246,-0.831265718438779,-0.9031090532514495,-1.0262719243567513,-0.3218763161562128,-0.9594463460114693,-0.7254530444818421,1.276175896156828
2020-08-26,0.4023613722476049,0.13439557487141385,0.13142541002984645,-0.8381897812684577,-0.3194132646564031,-0.8101664969523611,-1.0344510897098045,-0.44137988439740544,1.1335855043020093
2020-08-27,-1.2231435329065437,-0.8695736345787795,-0.029023111381591138,-0.8381897812684577,-0.4607849965964727,-0.39163205626994824,-0.43441314012312254,-0.29934330435518713,1.4187662880116454
2020-08-28,-0.7098261944368125,-0.20026082827865058,-0.5103686756159038,-0.5785126933364904,-0.03666980077626372,-0.6008992766111547,-0.2093989090281168,-0.5123981744185147,1.1267954856422566
2020-08-29,-1.2231435329065437,-0.8695736345787795,-0.3499201542044663,-1.1627861411834168,-0.8142143264466469,-0.6008992766111547,-0.6594273712181283,-0.5123981744185147,0.9774150751276852
2020-08-30,-1.2231435329065437,-0.7580215001954246,-0.831265718438779,-0.9680283252344413,-0.743528460476612,-0.6706550167248901,-0.43441314012312254,-0.9385079145451696,0.8959348512106463
2020-08-31,-0.7953790841817677,-0.08870869389529576,-0.6708171970273414,-0.38375487738751485,-0.9555860583867165,-0.39163205626994824,-0.8844416023131341,-0.5123981744185147,0.5903840115217509
2020-09-01,-1.0520377534166332,-0.7580215001954246,-0.6708171970273414,-1.1627861411834168,-1.0969577903267862,-0.6008992766111547,-0.9594463460114693,-0.3703615943762963,0.7805045339948412
2020-09-02,-1.0520377534166332,-0.08870869389529576,-0.6708171970273414,-0.5135934213534985,-0.8849001924166817,-0.39163205626994824,-0.28440365272645207,-0.654434754460733,1.0588952990447242
2020-09-03,-0.8809319739267228,0.022843440488059048,-0.029023111381591138,-0.8381897812684577,-0.3194132646564031,-0.8101664969523611,-0.9594463460114693,-0.5123981744185147,1.2558058401775674
2020-09-04,-0.7098261944368125,-0.4233650970453602,-0.6708171970273414,-0.8381897812684577,-0.6728425945065772,-0.5311435364974192,-0.6594273712181283,-0.5123981744185147,1.1607455789410228
2020-09-05,-0.8809319739267228,-0.9811257689621342,-0.5103686756159038,-0.5785126933364904,-0.6728425945065772,-0.7404107568386257,-0.584422627519793,-0.8674896245240604,0.6922342914180494
2020-09-06,-0.9664848636716781,-0.7580215001954246,-0.9917142398502166,-1.0329475972174331,-0.6728425945065772,-0.4613877963836837,-1.0344510897098045,-0.3703615943762963,0.6922342914180494
2020-09-07,-0.7953790841817677,1.0268126499382524,-0.9917142398502166,-1.0329475972174331,-0.8849001924166817,-0.8101664969523611,-0.8094368586147989,-0.5834164644396238,0.7261843847168155
2020-09-08,-0.7953790841817677,-0.8695736345787795,-0.831265718438779,-1.1627861411834168,-0.9555860583867165,-0.8101664969523611,-0.9594463460114693,-0.8674896245240604,0.9095148885301529
2020-09-09,-0.8809319739267228,-0.8695736345787795,-0.18947163279302873,-1.1627861411834168,-0.8142143264466469,-0.8799222370660966,-1.0344510897098045,-0.9385079145451696,0.8755647952313867
2020-09-10,-0.28206174571203657,-0.534917231428715,-0.18947163279302873,-0.4486741493705067,0.10470193116380594,-0.4613877963836837,-0.584422627519793,-0.15730672431296883,0.9774150751276852
2020-09-11,-0.36761463545699175,0.022843440488059048,0.13142541002984645,-0.5135934213534985,-0.6021567285365423,-0.7404107568386257,-1.1844605771064751,-0.5123981744185147,0.9298849445094125
2020-09-12,-1.1375906431615883,-0.534917231428715,-0.6708171970273414,-0.8381897812684577,-0.5314708625665076,-0.6008992766111547,-0.3594083964247873,-1.151562784608497,0.5564339182229847
2020-09-13,-1.0520377534166332,-0.4233650970453602,-0.831265718438779,-0.7732705092854658,-0.5314708625665076,-0.8101664969523611,-1.0344510897098045,-1.151562784608497,0.6039640488412575
2020-09-14,-0.7098261944368125,-0.534917231428715,-0.18947163279302873,-0.7732705092854658,-0.4607849965964727,0.026902384412464578,-0.43441314012312254,-0.7254530444818421,0.7193943660570626
2020-09-15,-0.9664848636716781,0.022843440488059048,-0.029023111381591138,-0.6434319653194822,-0.5314708625665076,-0.5311435364974192,-0.9594463460114693,-0.5834164644396238,-0.18367811569011744
2020-09-16,-0.28206174571203657,-0.20026082827865058,-0.3499201542044663,-1.097866869200425,-0.743528460476612,-0.8799222370660966,-0.7344321149164635,-0.654434754460733,0.12187272399877846
2020-09-17,-0.453167525201947,-0.534917231428715,0.13142541002984645,-0.708351237302474,0.03401606519377111,-0.8101664969523611,-0.43441314012312254,-1.0095262045662787,0.42742356368767387
2020-09-18,-0.7098261944368125,0.13439557487141385,-0.6708171970273414,-0.4486741493705067,-0.5314708625665076,-0.6706550167248901,-1.1844605771064751,-0.9385079145451696,0.3798934330694011
2020-09-19,-1.0520377534166332,-0.534917231428715,0.9336680170870343,-0.7732705092854658,-0.6728425945065772,-0.6008992766111547,-0.584422627519793,-0.7254530444818421,-0.3262685075449354
2020-09-20,-0.7953790841817677,-0.9811257689621342,-0.9917142398502166,-1.097866869200425,-0.743528460476612,-0.8799222370660966,-0.7344321149164635,-1.0095262045662787,-0.33984854486444155
2020-09-21,-0.7953790841817677,-0.7580215001954246,-0.3499201542044663,-0.8381897812684577,-0.743528460476612,-0.4613877963836837,-0.7344321149164635,-0.8674896245240604,-0.33305852620468823
2020-09-22,-1.2231435329065437,-0.6464693658120698,-0.6708171970273414,-0.7732705092854658,-0.6021567285365423,-0.949677977179832,-1.10945583340814,-0.9385079145451696,-0.19046813434987075
2020-09-23,-0.7098261944368125,-0.4233650970453602,-0.3499201542044663,-0.5785126933364904,-0.39009913062643786,-0.6706550167248901,-0.8844416023131341,-0.7964713345029513,0.3527333584303878
2020-09-24,-0.9664848636716781,0.13439557487141385,-0.5103686756159038,-0.7732705092854658,-0.3194132646564031,-0.3218763161562128,-0.8844416023131341,-0.7964713345029513,0.23051302255482978
2020-09-25,-0.11095596622212622,-0.534917231428715,-0.6708171970273414,-0.6434319653194822,-0.4607849965964727,-0.6008992766111547,-0.9594463460114693,-0.7964713345029513,0.10829268667927182
2020-09-26,-0.7953790841817677,-0.8695736345787795,-0.6708171970273414,-1.2277054131664087,-0.4607849965964727,-0.8799222370660966,-0.9594463460114693,-0.7254530444818421,0.21693298523532314
2020-09-27,-1.1375906431615883,-0.8695736345787795,-0.831265718438779,-1.2277054131664087,-1.0969577903267862,-0.8101664969523611,-0.8844416023131341,-1.0805444945873879,0.4953237502852062
2020-09-28,-0.8809319739267228,-0.6464693658120698,-0.6708171970273414,-0.9680283252344413,-0.8142143264466469,-0.6706550167248901,-0.7344321149164635,-0.7254530444818421,0.6039640488412575
2020-09-29,-0.7953790841817677,-0.534917231428715,-0.5103686756159038,-1.0329475972174331,-1.0262719243567513,-0.8799222370660966,-0.8844416023131341,-1.0805444945873879,0.5021137689449591
2020-09-30,-0.9664848636716781,-0.6464693658120698,-0.5103686756159038,-1.097866869200425,-0.5314708625665076,-0.6008992766111547,-1.10945583340814,-0.8674896245240604,-0.09540787311332513
2020-10-01,-1.2231435329065437,-0.31181296266200537,-0.3499201542044663,-0.5785126933364904,0.38744539504394526,-0.4613877963836837,-0.5094178838214578,-0.8674896245240604,0.11508270533902466
2020-10-02,-0.7098261944368125,-0.7580215001954246,-0.5103686756159038,-0.8381897812684577,0.03401606519377111,-0.8101664969523611,-0.8844416023131341,-0.654434754460733,-0.1768880970303641
2020-10-03,-1.2231435329065437,0.24594770925476866,-0.5103686756159038,-0.5135934213534985,0.03401606519377111,-0.8101664969523611,-1.1844605771064751,-1.0095262045662787,-0.31947848888518204
2020-10-04,-0.6242733046918573,-0.9811257689621342,-0.9917142398502166,-1.2277054131664087,-0.39009913062643786,-0.8101664969523611,-1.0344510897098045,-1.0805444945873879,-0.25157830228764977
2020-10-05,0.48791426199256005,-0.9811257689621342,-0.3499201542044663,-0.18899706143853937,0.17538779713384078,0.09665812452620005,-0.28440365272645207,-0.015270144270750519,-0.10898791043283179
2020-10-06,-0.5387204149469021,-0.9811257689621342,-0.9917142398502166,-0.6434319653194822,-0.39009913062643786,-0.6706550167248901,-0.6594273712181283,-1.0095262045662787,-0.14972802239135127
2020-10-07,-1.2231435329065437,0.022843440488059048,-0.029023111381591138,-0.9031090532514495,0.17538779713384078,-0.25212057604247734,-0.8094368586147989,-0.5834164644396238,0.3527333584303878
2020-10-08,-0.6242733046918573,-0.20026082827865058,-0.3499201542044663,-0.2539163334215312,0.38744539504394526,-0.6008992766111547,-0.584422627519793,-0.3703615943762963,0.05397253740124567
2020-10-09,-0.1965088559670814,-0.20026082827865058,-0.3499201542044663,-0.38375487738751485,-0.743528460476612,-0.5311435364974192,-0.2093989090281168,-0.7964713345029513,-0.16330805971085746
2020-10-10,0.06014981326778413,-0.7580215001954246,-0.9917142398502166,-0.38375487738751485,-0.5314708625665076,-0.6706550167248901,-0.7344321149164635,-0.29934330435518713,0.18298289193655698
2020-10-11,-0.9664848636716781,0.13439557487141385,-0.5103686756159038,-0.5785126933364904,-0.743528460476612,-0.7404107568386257,-1.1844605771064751,-1.0805444945873879,0.2984132091523621
2020-10-12,-0.9664848636716781,-0.9811257689621342,-0.9917142398502166,-0.4486741493705067,-0.743528460476612,-0.6706550167248901,-0.8844416023131341,-0.29934330435518713,-0.06145777981455897
2020-10-13,-0.453167525201947,-0.8695736345787795,-0.029023111381591138,-0.4486741493705067,-0.8849001924166817,-0.39163205626994824,-0.13439416532978155,-0.8674896245240604,-0.12256794775233845
2020-10-14,-0.9664848636716781,-0.8695736345787795,-0.6708171970273414,-0.8381897812684577,-0.6728425945065772,-0.8101664969523611,-1.10945583340814,-0.5834164644396238,-0.1565180410511046
2020-10-15,0.14570270301273933,-0.6464693658120698,0.4523224528527216,-0.8381897812684577,0.3167595290739105,-0.5311435364974192,0.015615322066888959,-1.0095262045662787,0.1897729105963108
2020-10-16,1.0867844902072463,-0.534917231428715,-0.6708171970273414,-0.5785126933364904,-0.5314708625665076,-0.4613877963836837,-0.43441314012312254,-0.654434754460733,-0.24478828362789642
2020-10-17,-1.2231435329065437,-0.4233650970453602,-0.9917142398502166,-0.5135934213534985,-0.6021567285365423,-0.4613877963836837,-1.10945583340814,-1.0805444945873879,-0.6114492912545708
2020-10-18,-0.6242733046918573,-0.9811257689621342,-0.6708171970273414,-0.708351237302474,-1.0262719243567513,-0.8101664969523611,-1.1844605771064751,-1.0095262045662787,-0.4145387501217272
2020-10-19,-0.8809319739267228,-0.20026082827865058,-0.3499201542044663,-0.708351237302474,-0.5314708625665076,-0.39163205626994824,-0.8094368586147989,-0.9385079145451696,-0.013927649196286643
2020-10-20,-1.0520377534166332,-0.8695736345787795,-0.029023111381591138,-0.708351237302474,-0.8849001924166817,-0.6008992766111547,-0.9594463460114693,-0.7964713345029513,-0.0003476118767799875
2020-10-21,-0.1965088559670814,-0.20026082827865058,-0.831265718438779,-1.097866869200425,-0.743528460476612,-0.5311435364974192,-0.8844416023131341,-0.7964713345029513,0.23730304121458262
2020-10-22,-0.5387204149469021,-0.4233650970453602,-0.5103686756159038,-0.12407778945554752,-0.3194132646564031,-0.3218763161562128,-0.7344321149164635,-0.5123981744185147,0.2508830785340893
2020-10-23,-0.1965088559670814,-0.4233650970453602,-0.029023111381591138,-0.5135934213534985,-0.17804153271633338,0.30592534486740647,-0.3594083964247873,-0.29934330435518713,0.27804315317310263
2020-10-24,-0.28206174571203657,0.13439557487141385,-0.18947163279302873,-0.5785126933364904,-0.743528460476612,-0.5311435364974192,-0.43441314012312254,-1.0805444945873879,0.17619287327680414
2020-10-25,-0.7098261944368125,-0.7580215001954246,-0.831265718438779,-0.5785126933364904,-1.0262719243567513,-0.5311435364974192,-0.8094368586147989,-0.44137988439740544,-0.9509502242422324
2020-10-26,0.06014981326778413,0.4690519780214783,-0.029023111381591138,-0.5135934213534985,-0.39009913062643786,0.37568108498114194,-0.7344321149164635,-0.3703615943762963,-0.5707091792960514
2020-10-27,-0.1965088559670814,-0.08870869389529576,-0.3499201542044663,-0.6434319653194822,-0.5314708625665076,-0.3218763161562128,-0.6594273712181283,-0.7964713345029513,-0.1293579664120913
2020-10-28,0.6590200414824704,-0.31181296266200537,-0.6708171970273414,-0.318835605404523,-0.3194132646564031,0.30592534486740647,-0.2093989090281168,-0.22832501433407798,0.14903279863779081
2020-10-29,0.2312555927576945,-0.20026082827865058,-0.18947163279302873,-0.6434319653194822,-0.8849001924166817,-0.11260909581500637,-0.9594463460114693,-0.44137988439740544,-0.2923184142461692
2020-10-30,0.06014981326778413,0.3574998436381235,0.13142541002984645,-0.2539163334215312,-0.6021567285365423,0.16641386463993552,0.09062006576522422,0.5528761758981228,-0.8219398697069211
2020-10-31,0.5734671517375152,-0.08870869389529576,-0.5103686756159038,-0.2539163334215312,0.03401606519377111,-0.3218763161562128,-0.28440365272645207,-0.29934330435518713,-1.0799605787775437
2020-11-01,-0.453167525201947,-0.08870869389529576,-0.6708171970273414,0.1355992984764198,-0.6728425945065772,-0.7404107568386257,-0.3594083964247873,-0.654434754460733,-0.665769440532597
2020-11-02,-0.025403076477171046,-0.08870869389529576,0.7732194956755968,-0.5135934213534985,-0.6728425945065772,0.026902384412464578,-0.28440365272645207,-0.8674896245240604,-1.310821213209154
2020-11-03,-0.28206174571203657,0.6921562467881879,-0.18947163279302873,-0.5785126933364904,-0.8142143264466469,-0.0428533557012709,-0.6594273712181283,-0.5834164644396238,-0.7472496644496355
2020-11-04,-0.7953790841817677,0.13439557487141385,-0.6708171970273414,-0.12407778945554752,-0.3194132646564031,-0.4613877963836837,-0.43441314012312254,-0.22832501433407798,-0.6861394965118565
2020-11-05,1.343443159442112,0.9152605155548975,0.29187393144128404,-0.38375487738751485,-0.3194132646564031,0.16641386463993552,-0.6594273712181283,-0.7254530444818421,-0.46206888074
2020-11-06,-1.1375906431615883,0.9152605155548975,0.29187393144128404,0.005760754510436134,-0.10735566674629855,-0.0428533557012709,-0.5094178838214578,-0.15730672431296883,-0.4281187874412339
2020-11-07,0.3168084825026497,1.1383647843216071,0.7732194956755968,-0.5135934213534985,-0.4607849965964727,0.16641386463993552,-0.5094178838214578,-0.3703615943762963,-0.3126884702254287
2020-11-08,-0.36761463545699175,-0.31181296266200537,0.29187393144128404,-0.12407778945554752,-0.39009913062643786,0.16641386463993552,-0.8094368586147989,-0.3703615943762963,-0.3126884702254287
2020-11-09,-0.6242733046918573,0.3574998436381235,0.4523224528527216,-0.38375487738751485,-0.8849001924166817,0.5151925652086129,-0.7344321149164635,-0.3703615943762963,-0.19046813434987075
2020-11-10,-0.11095596622212622,0.8037083811715428,2.698601752612848,0.9795498342553136,0.8822464568341891,1.422017186687174,0.6906580153519062,0.6238944659192319,0.0403925000817395
2020-11-11,-0.11095596622212622,0.8037083811715428,-0.18947163279302873,-0.38375487738751485,0.4581312610139801,1.0732384861184967,-0.2093989090281168,-0.22832501433407798,0.2576730971938431
2020-11-12,0.14570270301273933,1.3614690530883167,0.9336680170870343,0.2654378424424035,-0.24872739868636823,0.8639712657772902,0.39063904055856524,0.19778472579257694,-0.2176282089888836
2020-11-13,0.2312555927576945,1.6961254562383812,-0.029023111381591138,0.005760754510436134,0.5995029929540497,1.840551627369587,0.39063904055856524,0.4108395958559044,-0.6182393099143242
2020-11-14,0.5734671517375152,1.1383647843216071,0.29187393144128404,0.7198727463233463,0.2460736631038756,1.2825057064597032,-0.13439416532978155,-0.29934330435518713,-0.7540396831093887
2020-11-15,-0.5387204149469021,0.022843440488059048,-0.5103686756159038,-0.5785126933364904,-0.10735566674629855,0.4454368250948774,-0.28440365272645207,-0.5834164644396238,-0.33305852620468823
2020-11-16,1.343443159442112,1.919229725005091,1.4150135813213471,0.8497112902893299,1.9425344463847116,1.9800631075970578,0.5406485279552358,0.9079676260036685,-0.584289216615558
2020-11-17,0.5734671517375152,0.9152605155548975,0.4523224528527216,0.005760754510436134,0.5995029929540497,0.9337270058910258,0.39063904055856524,-0.3703615943762963,-1.1342807280555698
2020-11-18,0.5734671517375152,1.4730211874716717,1.4150135813213471,0.784792018306338,0.5995029929540497,1.7707958872558514,0.615653271653571,1.1210224960669959,-1.5960019969187893
2020-11-19,0.06014981326778413,0.6921562467881879,-0.831265718438779,-0.2539163334215312,0.2460736631038756,0.4454368250948774,-0.059389421631446296,0.055748145750358635,-1.3379812878481667
2020-11-20,0.48791426199256005,0.9152605155548975,-0.029023111381591138,0.20051857045941163,0.10470193116380594,1.1429942262322321,0.7656627590502415,-0.29934330435518713,-0.8015698137276616
2020-11-21,0.14570270301273933,0.6921562467881879,1.2545650599099094,0.46019565839137894,0.528817126984015,0.9337270058910258,1.1406864775419177,0.7659310459614502,-0.5367590859972852
2020-11-22,0.5734671517375152,1.4730211874716717,1.7359106241442221,-0.5135934213534985,0.10470193116380594,0.37568108498114194,-0.3594083964247873,-0.22832501433407798,-0.5435491046570385
2020-11-23,-0.28206174571203657,1.1383647843216071,0.29187393144128404,-0.38375487738751485,0.03401606519377111,0.30592534486740647,0.24062955316189472,-0.5834164644396238,-0.7540396831093887
2020-11-24,-0.28206174571203657,-0.08870869389529576,-0.18947163279302873,-0.2539163334215312,-0.24872739868636823,0.6547040454360838,-0.2093989090281168,-0.015270144270750519,-1.147860765375076
2020-11-25,1.5145489389320221,1.3614690530883167,0.13142541002984645,0.3303571144253953,0.17538779713384078,1.4917729268009094,1.6657196834302646,2.541388296489179,-0.8423099256861806
2020-11-26,1.0012316004622912,1.5845733218550264,0.6127709742641592,0.7198727463233463,0.3167595290739105,0.8639712657772902,1.215691221240253,0.48185788587701356,-0.2855283955864159
2020-11-27,2.1134191671467084,3.4809596063720583,3.821741402492911,2.3428545458981422,2.7907648380251295,1.840551627369587,2.715786095206958,1.4050956561514325,-0.4484888434204934
2020-11-28,-0.36761463545699175,0.24594770925476866,0.7732194956755968,0.7198727463233463,-0.03666980077626372,0.4454368250948774,0.39063904055856524,-0.08628843429185967,-0.7200895898106227
2020-11-29,0.2312555927576945,-0.31181296266200537,0.4523224528527216,-0.18899706143853937,-0.3194132646564031,-0.18236483592874184,-0.059389421631446296,-0.22832501433407798,-1.0052703735202586
2020-11-30,0.2312555927576945,0.13439557487141385,1.094116538498472,-0.38375487738751485,-0.03666980077626372,0.6547040454360838,0.7656627590502415,-0.22832501433407798,-0.33305852620468823
2020-12-01,0.2312555927576945,0.8037083811715428,0.9336680170870343,0.3303571144253953,0.10470193116380594,0.6547040454360838,0.39063904055856524,0.19778472579257694,-1.2768711199103877
2020-12-02,1.428996049187067,1.6961254562383812,1.094116538498472,1.4989040101192481,2.7200789720550946,2.9566434691893546,2.5657766078102875,1.8312053962780874,-1.4126714931054525
2020-12-03,2.1989720568916638,2.36543826253851,0.7732194956755968,0.9146305622723218,2.2959637762348857,2.5381090285069416,2.4907718641119523,1.1210224960669959,-1.290451157229894
2020-12-04,2.7978422851063502,3.3694074719887035,3.340395838258598,2.3428545458981422,3.2148800338453385,2.9566434691893546,3.015805070000299,2.044260266341415,-0.9373701869227262
2020-12-05,0.915678710717336,0.8037083811715428,1.2545650599099094,1.3041461941702728,1.4477333845944678,1.9800631075970578,2.0407434019219406,1.192040786088105,-1.1342807280555698
2020-12-06,0.915678710717336,-0.31181296266200537,1.4150135813213471,1.1093883782212972,0.7408747248941194,0.37568108498114194,0.915672246446912,0.9079676260036685,-1.5281018103212571
2020-12-07,1.7712076081668877,1.0268126499382524,0.9336680170870343,0.784792018306338,1.6597909825045722,1.7707958872558514,2.2657576330169467,1.8312053962780874,-1.8200726126906464
2020-12-08,1.8567604979118428,-0.20026082827865058,2.3777047097899726,1.6936618260682237,1.3063616526543982,1.1429942262322321,1.815729170826935,2.1862968463836334,-1.670692202176075
2020-12-09,0.3168084825026497,0.4690519780214783,-0.029023111381591138,0.20051857045941163,1.801162714444642,2.189330327938264,1.8907339145252702,1.9022236862991966,-1.7793325007321268
2020-12-10,1.428996049187067,2.7000946656885745,0.9336680170870343,0.9795498342553136,1.1649899207143284,1.0034827460047613,0.915672246446912,2.3283334264258513,-1.5145217730017508
2020-12-11,1.428996049187067,1.6961254562383812,2.217256188378535,2.083177457966175,0.6701888589240846,1.2825057064597032,1.515710196033594,2.8964797465947245,-1.0799605787775437
2020-12-12,1.6001018286769775,-0.6464693658120698,0.7732194956755968,0.5900342023573626,0.3167595290739105,2.3288418081657354,3.015805070000299,0.7659310459614502,-0.9509502242422324
2020-12-13,0.7445729312274256,0.3574998436381235,1.094116538498472,0.7198727463233463,0.17538779713384078,0.16641386463993552,-0.059389421631446296,1.4761139461725417,-0.645399384553337
2020-12-14,2.370077836381574,0.6921562467881879,1.7359106241442221,1.6287425540852318,2.7907648380251295,1.3522614465734386,1.515710196033594,2.115278556362524,-1.4534116050639714
2020-12-15,1.343443159442112,0.022843440488059048,0.4523224528527216,1.3690654661532646,1.0943040547442937,1.4917729268009094,1.9657386582236056,1.9022236862991966,-1.792912538051633
2020-12-16,1.428996049187067,1.3614690530883167,-0.3499201542044663,0.46019565839137894,1.3063616526543982,0.7244597855498193,0.7656627590502415,1.8312053962780874,-1.9830330605247237
2020-12-17,1.5145489389320221,3.3694074719887035,0.9336680170870343,0.9795498342553136,1.3770475186244329,2.189330327938264,0.015615322066888959,2.2573151364047424,-2.030563191142996
2020-12-18,1.8567604979118428,0.6921562467881879,-0.029023111381591138,0.6549534743403544,1.5184192505645027,1.701040147142116,1.215691221240253,1.4761139461725417,-1.9219228925869447
2020-12-19,1.0012316004622912,1.0268126499382524,0.7732194956755968,1.3690654661532646,1.9425344463847116,2.189330327938264,1.515710196033594,0.48185788587701356,-2.0441432284625027
2020-12-20,0.4023613722476049,-0.9811257689621342,0.13142541002984645,-0.0591585174725557,0.4581312610139801,-0.0428533557012709,1.215691221240253,0.6949127559403411,-1.5281018103212571
2020-12-21,0.2312555927576945,0.9152605155548975,0.4523224528527216,0.1355992984764198,-0.4607849965964727,0.236169604753671,0.46564378425690045,1.4050956561514325,-1.4262515304249586
2020-12-22,2.370077836381574,4.819585218972316,2.53815323120141,1.4339847381362565,1.6597909825045722,2.398597548279471,0.615653271653571,2.044260266341415,-1.2429210266116217
2020-12-23,1.428996049187067,-0.534917231428715,0.7732194956755968,0.9146305622723218,1.0236181887742588,0.5849483053223483,1.515710196033594,1.3340773661303233,-1.5213117916615038
2020-12-24,1.0867844902072463,3.034751068838639,2.217256188378535,1.239226922187281,2.225277910264851,0.8639712657772902,0.615653271653571,1.8312053962780874,-0.4484888434204934
2020-12-25,-1.2231435329065437,-0.9811257689621342,-0.9917142398502166,-1.2277054131664087,-1.238329522266856,-1.0194337172935675,-1.1844605771064751,-1.151562784608497,-1.7725424820723734
2020-12-26,4.166688521025633,3.034751068838639,1.7359106241442221,3.965836345472938,5.123398415036279,2.9566434691893546,3.915861994380322,4.174808966974689,-2.2750038628941125
2020-12-27,-0.1965088559670814,-0.9811257689621342,1.094116538498472,-0.5785126933364904,0.4581312610139801,1.1429942262322321,-0.28440365272645207,1.4050956561514325,-1.935502929906451
2020-12-28,0.3168084825026497,1.0268126499382524,0.6127709742641592,0.3303571144253953,1.9425344463847116,-0.6008992766111547,1.515710196033594,0.9079676260036685,-1.34477130650792
2020-12-29,0.915678710717336,1.1383647843216071,1.4150135813213471,0.6549534743403544,1.0236181887742588,1.6312844070283805,1.5907149397319293,0.48185788587701356,-1.6639021835163217
2020-12-30,0.915678710717336,-0.08870869389529576,0.9336680170870343,0.39527638640838714,0.8115605908641543,1.0034827460047613,2.2657576330169467,1.5471322361936508,-1.5281018103212571
2020-12-31,1.343443159442112,3.8156160095221225,2.8590502740242854,1.3690654661532646,1.2356757866843633,2.2590860680519995,-0.5094178838214578,1.7601871062569783,-1.0663805414580376
2021-01-01,1.428996049187067,1.4730211874716717,3.019498795435723,1.6936618260682237,0.6701888589240846,1.1429942262322321,1.515710196033594,1.4050956561514325,-1.7453824074333606
2021-01-02,1.428996049187067,2.1423339937718007,0.9336680170870343,1.4989040101192481,0.8822464568341891,1.561528666914645,2.0407434019219406,0.8369493359825594,-1.290451157229894
2021-01-03,0.48791426199256005,-0.8695736345787795,0.13142541002984645,0.3303571144253953,0.17538779713384078,1.840551627369587,-0.3594083964247873,-0.08628843429185967,-1.5416818476407637
2021-01-04,0.8301258209723807,2.1423339937718007,1.2545650599099094,1.3041461941702728,1.2356757866843633,0.8639712657772902,2.0407434019219406,2.6834248765313973,-1.5348918289810105
2021-01-05,1.8567604979118428,0.5806041124048331,1.2545650599099094,1.8235003700342074,2.5787072401150253,4.2820025313503285,1.0656817338435824,0.8369493359825594,-1.5145217730017508
2021-01-06,0.8301258209723807,1.4730211874716717,2.3777047097899726,1.174307650204289,1.7304768484746071,2.1195745878245287,0.9906769901452472,1.7601871062569783,-1.5281018103212571
2021-01-07,2.1134191671467084,2.5885425313052197,2.217256188378535,2.927127993745069,2.0132203123547465,3.0961549494168255,2.1157481456202762,2.2573151364047424,-1.5824219595992832
2021-01-08,2.1989720568916638,2.2538861281551554,1.7359106241442221,1.4989040101192481,3.426937631755443,2.747376248848148,2.715786095206958,1.5471322361936508,-1.874392761968672
2021-01-09,1.9423133876567982,1.919229725005091,2.8590502740242854,2.3428545458981422,3.0028224359352342,3.444933649985503,0.615653271653571,1.0500042060458867,-1.6503221461968156
2021-01-10,1.343443159442112,0.4690519780214783,0.4523224528527216,0.7198727463233463,1.1649899207143284,0.7942155256635548,0.615653271653571,1.4761139461725417,-1.5145217730017508
2021-01-11,2.9689480645962605,1.919229725005091,2.698601752612848,3.7710785295239626,3.1441941678753036,2.4683532883932062,4.140876225475328,3.038516326636943,-1.792912538051633
2021-01-12,0.3168084825026497,1.3614690530883167,1.7359106241442221,0.5251149303743707,-0.10735566674629855,0.7942155256635548,1.0656817338435824,0.19778472579257694,-1.731802370113854
2021-01-13,1.343443159442112,1.8076775906217362,1.5754621027327846,1.1093883782212972,1.1649899207143284,1.0732384861184967,0.31563429686023,0.6238944659192319,-1.5892119782590362
2021-01-14,1.5145489389320221,2.1423339937718007,1.4150135813213471,1.6936618260682237,1.6597909825045722,2.886887729075619,1.815729170826935,1.192040786088105,-1.4262515304249586
2021-01-15,2.4556307261265293,3.146303203221994,4.623984009550099,1.239226922187281,2.9321365699651993,2.886887729075619,1.5907149397319293,3.8197175168691437,-1.3040311945494008
2021-01-16,1.9423133876567982,1.4730211874716717,2.53815323120141,2.2779352739151504,2.0839061783247814,2.886887729075619,0.9906769901452472,1.3340773661303233,-1.4126714931054525
2021-01-17,-0.1965088559670814,-0.20026082827865058,0.4523224528527216,0.7198727463233463,0.5995029929540497,0.8639712657772902,1.5907149397319293,1.0500042060458867,-1.5145217730017508
2021-01-18,1.1723373799522014,-0.6464693658120698,2.056807666967097,0.5251149303743707,0.9529323228042239,1.422017186687174,2.415767120413617,0.9789859160247777,-1.5688419222797765
