Date,Ward_1_Case_Pct_Pop,Ward_2_Case_Pct_Pop,Ward_3_Case_Pct_Pop,Ward_4_Case_Pct_Pop,Ward_5_Case_Pct_Pop,Ward_6_Case_Pct_Pop,Ward_7_Case_Pct_Pop,Ward_8_Case_Pct_Pop,Max_Temp,Avg_Temp,Min_Temp
2020-04-02,-0.001032354717751982,-0.011140892308516115,0.002392983397763837,0.0007905096208689066,0.006646360137503304,0.00691591004891845,0.010373014355727905,2.220446049250313e-16,0.3871854223764164,0.5365016007686693,0.19717641700636235
2020-04-03,0.007226483024262098,0.011140892308516115,-0.004785966795527452,0.01185764431303804,0.007477155154691495,0.005927922899072957,0.0037720052202643295,0.010143361894277003,-0.19359271118820826,-0.24448174212243173,0.26290188934181635
2020-04-04,-0.009291192459765618,-0.020690228572958436,0.004785966795527452,-0.013438663554776298,-0.016615900343758705,-0.021735717296600843,-0.007544010440529103,0.006454866659994618,-0.7743708447528328,-0.35314029417684545,-0.19717641700636224
2020-04-05,0.005161773588758578,0.023873340661105802,0.004785966795527674,0.010276625071299339,0.004984770103127367,0.02865162734551907,0.007544010440529325,-0.016598228554271177,1.0970253633998464,0.3463491346734449,-0.3286273616772706
2020-04-06,0.004129418871007484,-0.007957780220368527,2.220446049250313e-16,-0.004743057725214772,0.0033231800687520963,-0.015807794397527664,-0.004715006525330967,0.011987609511417752,-0.3871854223764163,0.16977898758502163,0.7229801956899952
2020-04-07,0.009291192459764952,0.011140892308516337,0.007178950193291067,0.01660070203825237,0.01246192525781864,0.01778376869721865,0.015088020881058428,0.01844247617141348,-0.19359271118820817,-0.43463420821765586,-0.5915292510190869
2020-04-08,-0.013420611330772436,-0.022281784617032452,2.220446049250313e-16,-0.013438663554775632,-0.008307950171878797,-0.026675653045828085,0.0009430013050661934,-0.027663714257119665,0.4517163261058191,0.43463420821765586,0.1971764170063623
2020-04-09,-0.001032354717751538,0.007957780220368749,0.014357900386583022,0.0015810192417380353,-0.005815565120316002,0.007903897198763943,-0.013202018270926041,0.003688495234282385,-0.7743708447528327,-0.8081479809047043,-0.5915292510190869
2020-04-10,0.008258837742013858,-0.0031831120881475883,-0.009571933591055792,-0.0015810192417382574,0.007477155154691717,-0.0029639614495364786,0.008487011745595519,-0.003688495234282385,-0.9679635559410409,-0.3803049321904499,0.06572547233545417
2020-04-11,-0.00309706415325528,0.00477466813222116,-0.016750883784346193,-0.004743057725214994,-0.001661590034375937,0.003951948599381971,-0.009430013050661934,0.005532742851423578,1.9359271118820818,1.1409147965713484,0.13145094467090812
2020-04-12,-0.011355901895269138,0.01750711648481107,-0.002392983397763837,-0.004743057725215216,-0.0099695402062554,-0.007903897198764165,-0.009430013050661046,-0.005532742851423356,-0.06453090372940284,0.1561966685782205,0.7229801956899952
2020-04-13,0.002064709435503742,-0.028648008793327184,0.0,0.0039525481043460875,-0.001661590034375937,-0.004939935749227242,-0.0037720052202652177,-0.0009221238085710404,-0.06453090372940273,0.0067911595034005345,0.19717641700636235
2020-04-14,0.006194128306510338,-0.001591556044073572,0.02153685057987409,0.01660070203825237,0.00913874518906721,0.005927922899072957,0.02074602871145581,0.01198760951141864,-1.871396208152679,-1.3989788577005817,-1.5774113360508983
2020-04-15,0.008258837742013636,0.014324004396663481,-0.009571933591055126,-0.005533567346083901,0.014123515292195243,0.00691591004891845,0.012259016965859848,0.0110654857028476,0.9679635559410407,0.4074695702040533,0.6572547233545409
2020-04-16,-0.00309706415325528,0.0063662241762947325,-0.002392983397763837,0.004743057725214994,-0.01329272027500683,0.008891884348609436,-0.016974023491190593,-0.010143361894276781,0.45171632610581924,0.7470275453740965,0.5258037786836329
2020-04-17,0.009291192459765618,-0.009549336264442099,0.05264563475080375,0.0015810192417384794,0.004153975085939621,-0.007903897198764165,-0.0009430013050661934,-2.220446049250313e-16,0.19359271118820798,-0.04753811652380591,-0.4600783063481788
2020-04-18,-0.006194128306510338,-0.007957780220368749,-0.055038618148567586,-0.014229173175645649,-0.007477155154691717,-0.013831820097836456,0.016974023491190593,-0.007376990468565214,-0.451716326105819,-0.14940550907481953,0.657254723354541
2020-04-19,-0.007226483024261876,0.0063662241762949545,0.02153685057987431,0.003162038483477181,0.00581556512031578,0.008891884348608992,-0.022632031321587753,0.006454866659994618,0.9034326522116382,0.19015246609522485,-0.9201566126963574
2020-04-20,-0.003097064153255502,-0.0063662241762949545,-0.03589475096645711,-0.004743057725215216,0.0008307950171875245,-0.0029639614495364786,0.013202018270926263,0.04333981900282069,-0.8389017484822354,-0.020373478510202825,1.3802349190445362
2020-04-21,-0.007226483024261654,0.00477466813222116,0.0,0.00948611545043021,0.0033231800687523183,0.004939935749227908,-0.016974023491190593,-0.05163893327995672,0.3871854223764164,-0.17657014708842306,-1.314509446709082
2020-04-22,0.013420611330771992,0.01909867252888464,0.002392983397763615,-0.007114586587822824,0.001661590034375715,0.005927922899072513,0.005658007830396716,0.005532742851424022,-0.70983994102343,-0.4278430487142553,-0.1971764170063623
2020-04-23,0.0103235471775176,-0.028648008793326962,0.057431601546331645,0.01106713469216869,0.004153975085939621,-0.01580779439752744,-0.0018860026101321647,0.0018442476171414146,0.32265451864701356,0.6383689933196832,1.3802349190445362
2020-04-24,-0.003097064153255502,0.0063662241762949545,-0.04546668455751224,0.0063240769669532515,-0.00581556512031578,0.0019759742996905416,0.00660100913546291,-0.0009221238085705963,0.12906180745880547,-0.196943625598626,-0.6572547233545412
2020-04-25,-0.007226483024262098,0.001591556044073572,0.009571933591054904,-0.011067134692168246,0.01163113024063156,2.220446049250313e-16,0.005658007830396938,-0.007376990468565658,0.3226545186470136,-0.02037347851020288,-0.3943528340127246
2020-04-26,-0.011355901895268472,-0.007957780220368527,-0.023929833977637927,-0.007114586587822602,-0.01661590034375915,-0.004939935749227464,-0.017917024796256786,-0.006454866659994174,-0.7743708447528327,-0.13582319006801724,0.39435283401272464
2020-04-27,0.01961473963728233,0.007957780220368749,0.0,0.002371528862607386,-0.0024923850515634616,0.0,0.007544010440529325,0.018442476171413036,0.5807781335646245,-0.06791159503400923,-0.4600783063481788
2020-04-28,0.00309706415325528,0.020690228572958214,0.004785966795527674,0.0031620384834765147,0.015785105326570514,0.0138318200978369,0.01886002610132298,0.0110654857028476,-0.25812361491761093,0.28522869914283766,0.3286273616772706
2020-04-29,0.012388256613020676,-0.017507116484810625,0.023929833977637927,0.017391211659122163,-0.009138745189066988,0.0029639614495364786,-0.006601009135463354,-0.0018442476171411926,1.2260871708586518,0.6179955148094799,0.19717641700636235
2020-04-30,0.010323547177516934,0.030239564837400534,0.0,0.02213426938433738,0.024093055498449978,0.0009879871498454929,0.012259016965860514,0.009221238085706629,-1.4842107857762628,-0.8013568214013044,0.4600783063481787
2020-05-01,-0.02271180379053761,-0.0397889011018433,-0.009571933591055126,-0.027667836730421946,-0.02492385051563817,-0.009879871498454929,-0.0301760417621173,-0.027663714257119887,0.25812361491761093,-0.06791159503400832,-0.9858820850318115
2020-05-02,-2.220446049250313e-16,0.009549336264442543,0.002392983397763837,0.0015810192417389235,0.019108285395322833,0.004939935749227242,0.02829003915198469,0.005532742851424466,0.5162472298352218,0.3599314536802465,0.2629018893418164
2020-05-03,-0.009291192459765174,0.0015915560440737941,-0.014357900386583022,0.005533567346083901,-0.012461925257819306,-0.0029639614495364786,-0.02074602871145559,0.002766371425711567,-0.06453090372940273,0.10186739255101274,0.591529251019087
2020-05-04,0.007226483024261876,0.0063662241762947325,4.440892098500626e-16,-0.015810192417383462,-0.009138745189067432,0.015807794397528108,0.0037720052202649956,-0.009221238085706407,-0.451716326105819,-0.2920198586462372,-0.7887056680254494
2020-05-05,-0.010323547177517156,-0.007957780220368527,0.014357900386582356,0.004743057725215216,0.00581556512031578,-0.01778376869721876,-0.010373014355727905,0.009221238085706407,-0.9679635559410409,-0.8760595759387136,-0.19717641700636235
2020-05-06,0.020647094355034534,-0.0031831120881475883,-0.007178950193291178,0.007905096208691509,0.011631130240631116,0.006915910048918228,0.009430013050661712,0.0,1.0324944596704437,0.7538187048774976,0.3286273616772705
2020-05-07,-0.008258837742014302,0.015915560440737386,0.002392983397763615,0.01264815393390717,0.001661590034375937,0.006915910048918339,0.015088020881058206,0.00645486665999484,0.7743708447528327,0.34634913467344486,0.0
2020-05-08,0.007226483024262542,-0.015915560440737275,-0.007178950193291067,-0.0063240769669534735,-0.001661590034375937,-0.007903897198763499,-0.014145019575992235,0.0009221238085701522,-0.70983994102343,-0.21731710410882826,-0.065725472335454
2020-05-09,-0.009291192459765396,0.0015915560440737941,-2.220446049250313e-16,-0.011857644313037818,-0.01578510532657096,-0.00197597429969143,0.00565800783039716,-0.005532742851423356,-1.0970253633998464,-0.801356821401304,-0.13145094467090834
2020-05-10,-0.0103235471775176,0.004774668132221049,-0.002392983397763837,-0.003162038483476959,-0.005815565120315558,-0.005927922899072735,-0.007544010440529325,-0.013831857128560054,2.0004580156114846,1.3718142196869785,0.3943528340127247
2020-05-11,0.005161773588759022,-0.0015915560440736831,0.0,-0.008695605829560638,-0.004984770103127478,0.0019759742996909857,-0.006601009135463354,-0.0009221238085708183,-1.0970253633998464,-0.47538116523806184,0.657254723354541
2020-05-12,-0.013420611330772658,-0.007957780220368638,0.002392983397763837,0.005533567346084123,0.004984770103127478,-0.0019759742996909857,0.0037720052202647736,0.005532742851424022,0.2581236149176109,-0.19694362559862588,-1.0516075573672656
2020-05-13,0.020647094355034534,-0.00477466813222116,0.002392983397763726,0.015019682796514333,0.005815565120315558,0.0019759742996908747,0.0018860026101323868,-0.003688495234282607,0.3871854223764163,0.40746957020405283,0.3943528340127245
2020-05-14,-0.012388256613020676,0.007957780220368749,-0.0071789501932914,-0.013438663554775743,-0.004984770103127478,0.0029639614495365896,-0.00848701174559574,0.025819466639978583,-0.451716326105819,-0.11544971155781467,0.39435283401272475
2020-05-15,0.011355901895268694,0.003183112088147144,0.004785966795527674,0.007114586587822491,0.0008307950171877465,-0.0019759742996909857,0.016031022186125177,-0.00645486665999484,0.9679635559410409,0.6112043553060793,0.1971764170063623
2020-05-16,-0.016517675484027272,-0.004774668132220827,0.004785966795527563,-0.022134269384337157,0.005815565120315669,-0.00691591004891845,-0.012259016965860292,-0.02581946663997814,-1.0970253633998464,-0.7945656618979028,-0.39435283401272464
2020-05-17,0.012388256613020676,0.004774668132221049,-0.0071789501932914,0.0166007020382527,-0.001661590034375715,0.003951948599381971,0.013202018270926263,0.018442476171412814,-0.8389017484822354,-0.6451601528230846,-0.5915292510190868
2020-05-18,0.015485320766275734,0.00954933626444232,1.1102230246251565e-16,-0.002371528862607275,0.001661590034375604,-0.0009879871498456039,-0.005658007830397049,-0.010143361894277003,0.9679635559410409,0.42105188921085523,0.065725472335454
2020-05-19,-0.02993828681479993,-0.015915560440737275,-0.002392983397763837,0.00790509620869162,-0.003323180068751541,2.220446049250313e-16,-0.010373014355727683,0.009221238085706407,0.06453090372940273,0.1901524660952245,0.26290188934181646
2020-05-20,0.03097064153255169,0.00954933626444232,0.002392983397763726,0.025296307867813783,0.005815565120315558,0.012843832947991296,0.03017604176211708,-0.0009221238085704853,-0.3871854223764164,-0.3123933371564402,-0.3286273616772705
2020-05-21,-0.015485320766275845,0.0,0.011964916988818963,-0.04584955801041235,-0.0049847701031277,-0.015807794397528108,-0.02829003915198469,-0.011065485702847933,0.7743708447528328,0.5365016007686692,0.26290188934181646
2020-05-22,-0.014452966048523974,-0.0015915560440736831,-0.011964916988818963,-0.004743057725215327,-0.0033231800687519852,0.0029639614495365896,-0.0009430013050664154,-0.002766371425712122,-0.06453090372940273,0.16977898758502247,0.6572547233545409
2020-05-23,0.010323547177517045,0.009549336264442432,0.011964916988819074,0.025296307867814116,0.009138745189067765,4.440892098500626e-16,-0.002829003915198136,0.007376990468565436,0.0,0.027164638013602915,-0.3286273616772706
2020-05-24,-0.001032354717751649,-0.009549336264442543,-0.009571933591055348,-0.008695605829561304,-0.009969540206255623,0.007903897198763499,0.002829003915198358,-0.0046106190428533145,-1.2260871708586518,-0.916806532959118,-0.5258037786836327
2020-05-25,0.003097064153255169,0.015915560440737497,-0.004785966795527452,-0.0063240769669530295,0.0008307950171880796,-0.008891884348609547,0.0018860026101321647,-0.0018442476171413036,1.355148978317457,0.6791159503400872,0.39435283401272453
2020-05-26,-0.010323547177517156,-0.027056452749253612,-0.002392983397763837,-0.007905096208692397,-0.004153975085939732,2.220446049250313e-16,-0.0037720052202642185,0.008299114277135922,-0.4517163261058191,0.054329276027207885,-0.13145094467090818
2020-05-27,-0.002064709435503631,0.0015915560440740162,0.002392983397763726,0.0015810192417387015,1.1102230246251565e-16,0.004939935749227464,0.004715006525330523,-0.0009221238085708183,5.551115123125783e-17,-0.11544971155781525,0.2629018893418164
2020-05-28,1.1102230246251565e-16,-0.0015915560440737941,0.002392983397763948,-0.0031620384834765147,-0.006646360137503748,-0.0019759742996910967,-0.009430013050661934,-0.011065485702847822,-0.12906180745880547,0.0679115950340079,0.13145094467090818
2020-05-29,0.013420611330772436,-0.0015915560440737941,-0.007178950193291511,0.018181721279990626,0.013292720275007164,0.013831820097837011,0.03772005220264685,0.037807076151397,0.5162472298352219,0.03395579751700528,-0.26290188934181635
2020-05-30,-0.015485320766275845,0.0,0.002392983397763948,-0.016600702038252257,-0.005815565120315558,-0.015807794397527886,-0.027347037846919053,-0.02674159044854918,-0.6453090372940273,-0.40067841070065224,-0.4600783063481787
2020-05-31,-1.1102230246251565e-16,0.0031831120881473662,0.002392983397763615,-0.004743057725215438,-0.0008307950171880796,-0.0029639614495364786,-0.004715006525330412,-0.006454866659994396,-0.32265451864701356,-0.29201985864623775,-0.19717641700636235
2020-06-01,-0.002064709435503187,-0.0031831120881473662,-0.002392983397763837,0.0,-0.007477155154691051,-0.0009879871498453818,-0.008487011745595407,-0.0009221238085707073,0.5162472298352218,0.2784375396394367,0.1971764170063623
2020-06-02,-0.006194128306510449,0.0,-0.002392983397763726,-0.004743057725214994,-0.0024923850515641277,-0.0009879871498456039,-0.0018860026101323868,-0.008299114277135922,0.12906180745880544,0.3056021776530387,0.4600783063481787
2020-06-03,0.0464559622988272,0.012732448352589798,0.019143867182110363,0.04822108687302007,0.017446695360946785,0.015807794397527775,0.01791702479625712,0.04149557138567961,0.8389017484822354,0.7945656618979033,0.5258037786836328
2020-06-04,-0.032002996250303006,-0.007957780220368527,-0.009571933591055126,-0.03794446180172062,-0.00581556512031578,-0.007903897198763832,-0.010373014355728016,-0.025819466639978805,-1.0324944596704435,-1.0050916065033302,-0.3943528340127247
2020-06-05,-0.00309706415325528,-0.0031831120881475883,-0.002392983397763726,0.0031620384834767368,-0.006646360137503193,-0.0029639614495365896,0.0018860026101323868,-0.002766371425711567,-0.1935927111882083,-0.17657014708842256,-0.32862736167727036
2020-06-06,-0.004129418871006929,0.0015915560440737941,-0.002392983397763948,-0.0039525481043461985,0.001661590034375604,0.0029639614495365896,2.220446049250313e-16,-0.0009221238085704853,0.5162472298352219,0.6519513123264842,0.131450944670908
2020-06-07,0.008258837742013858,-0.0031831120881474773,-0.002392983397763837,-0.002371528862607164,-0.0024923850515635726,-0.004939935749227464,-0.0037720052202647736,-0.0009221238085711514,-0.9034326522116383,-0.6994894288502905,-0.32862736167727036
2020-06-08,-0.00722648302426232,0.0063662241762949545,0.009571933591055348,0.008695605829560749,0.003323180068751319,0.003951948599381971,0.005658007830397049,0.002766371425712344,0.7098399410234301,0.1901524660952244,-1.1102230246251565e-16
2020-06-09,0.001032354717751982,-0.004774668132221382,-0.004785966795527785,-0.0039525481043460875,-0.003323180068751319,0.004939935749227464,-0.0037720052202648846,-0.006454866659994618,0.32265451864701356,0.4550076867278594,0.4600783063481788
2020-06-10,-0.007226483024262098,0.0015915560440739052,0.007178950193291844,-0.003952548104345421,0.004153975085939621,-0.007903897198764054,-0.0037720052202645515,0.0027663714257119,-0.32265451864701344,-0.033955797517005615,0.3943528340127246
2020-06-11,0.016517675484027716,0.0,-0.011964916988819296,-5.551115123125783e-16,0.0008307950171878575,0.0029639614495367006,0.0037720052202645515,-0.002766371425712122,-0.25812361491761104,-0.5432927602720694,-0.7229801956899952
2020-06-12,-0.006194128306510671,-0.0015915560440736831,-1.1102230246251565e-16,0.0015810192417389235,-0.006646360137503526,-0.0019759742996912077,0.0037720052202648846,-0.0018442476171410815,0.25812361491761093,0.27843753963943585,-0.19717641700636224
2020-06-13,-0.006194128306510005,0.004774668132221049,-0.002392983397763726,0.003162038483476348,0.0024923850515639057,-0.0029639614495363675,-1.1102230246251565e-16,0.006454866659994396,-0.5807781335646246,-0.44821652722445793,0.065725472335454
2020-06-14,-0.001032354717751982,-0.001591556044073572,0.002392983397763948,-0.008695605829560749,-0.001661590034375937,0.0019759742996910967,-0.009430013050661379,-0.0046106190428533145,0.4517163261058192,0.2512729016258329,0.1314509446709083
2020-06-15,0.0,0.001591556044073572,-0.002392983397763948,0.005533567346084123,0.0008307950171880796,-2.220446049250313e-16,0.0018860026101320537,-0.005532742851423578,-5.551115123125783e-17,0.16977898758502102,0.13145094467090818
2020-06-16,-0.002064709435502965,-0.00477466813222116,0.004785966795527563,-0.0031620384834767923,-0.0016615900343762702,0.000987987149845715,-0.0018860026101322758,0.0018442476171409705,0.12906180745880547,0.006791159503401478,0.13145094467090818
2020-06-17,0.003097064153254503,1.1102230246251565e-16,0.007178950193291289,-0.0015810192417383684,0.004984770103128033,0.0009879871498451598,0.005658007830396938,0.007376990468565547,-0.4517163261058191,-0.10186739255101318,-0.13145094467090818
2020-06-18,-0.0010323547177511494,0.004774668132221049,-0.004785966795527341,0.005533567346084678,-0.004153975085939732,-0.0019759742996907637,0.0009430013050661934,-0.005532742851424022,0.9679635559410409,0.32597565616324303,0.19717641700636235
2020-06-19,-3.3306690738754696e-16,-0.00477466813222116,-0.007178950193291511,-0.003162038483477403,0.0008307950171877465,-0.0019759742996909857,-0.005658007830396827,-4.440892098500626e-16,-0.5162472298352218,0.006791159503399535,-0.13145094467090823
2020-06-20,0.0072264830242619316,-0.0015915560440736831,0.002392983397763726,-0.0007905096208686291,0.0008307950171879686,0.0029639614495363675,-0.0018860026101326088,-0.003688495234282052,-0.25812361491761093,-0.3870960916938495,-0.06572547233545412
2020-06-21,-0.00825883774201347,0.0031831120881474773,2.220446049250313e-16,-0.002371528862607608,-0.001661590034375826,0.006915910048918561,0.0018860026101326088,0.003688495234282496,0.5807781335646246,0.34634913467344464,0.06572547233545412
2020-06-22,0.002064709435503409,0.0,0.002392983397763615,0.003952548104345477,0.0,-0.009879871498454929,0.0037720052202644405,-0.002766371425712344,-0.12906180745880547,0.0,0.0
2020-06-23,-1.6653345369377348e-16,0.0031831120881473662,-0.004785966795527563,-0.0047430577252143835,0.001661590034375937,0.0009879871498456039,0.0,0.0009221238085710404,-0.3226545186470138,-0.19015246609522451,-0.06572547233545412
2020-06-24,-0.005161773588758467,0.0063662241762949545,0.002392983397763726,0.0015810192417378133,-0.0033231800687519852,0.0019759742996907637,-0.0037720052202645515,0.0009221238085704853,-0.06453090372940251,0.07470275453741015,0.26290188934181635
2020-06-25,0.006194128306510227,-0.007957780220368416,-0.002392983397763726,-0.002371528862607608,0.0008307950171884126,-0.0009879871498453818,-0.0018860026101321647,-0.0009221238085703742,0.06453090372940262,-0.23769058261903164,-0.5258037786836327
2020-06-26,-0.003097064153255058,-0.0015915560440741272,0.004785966795527563,0.0031620384834771254,0.004153975085939288,0.003951948599381971,0.0009430013050660824,-0.002766371425712344,0.32265451864701367,0.29881101814963906,-1.1102230246251565e-16
2020-06-27,-0.002064709435503631,0.0015915560440739052,0.007178950193291622,-0.001581019241738424,-0.001661590034375826,-0.0029639614495365896,0.0018860026101321647,0.0009221238085709293,-0.06453090372940284,0.05432927602720694,0.7887056680254493
2020-06-28,0.007226483024262154,-0.00477466813222116,-0.004785966795527896,0.0015810192417381463,-0.004153975085939621,0.0019759742996910967,0.002829003915198469,0.006454866659994396,-0.32265451864701356,-0.1629878280816206,-0.4600783063481787
2020-06-29,-0.0051617735887585225,0.00477466813222116,-0.004785966795527452,-0.0007905096208692397,0.003323180068751874,0.0009879871498454929,-0.0018860026101323868,-0.005532742851423911,0.25812361491761093,0.07470275453740927,-0.06572547233545412
2020-06-30,0.0010323547177515935,0.0063662241762950655,-0.002392983397763837,-0.0015810192417381463,-0.0024923850515641277,-0.0009879871498454929,0.0018860026101324978,0.0018442476171416922,-0.1935927111882081,-0.19694362559862588,-0.19717641700636235
2020-07-01,-0.00206470943550352,-0.0015915560440739052,0.0,-0.0007905096208691287,-0.0008307950171878575,-0.003951948599381971,-0.0037720052202646626,-3.885780586188048e-16,-0.25812361491761104,-0.1629878280816206,0.19717641700636235
2020-07-02,0.004129418871007373,0.0015915560440737941,0.004785966795527674,0.004743057725214883,0.004153975085939954,0.0009879871498454929,-0.0009430013050658603,0.0009221238085706518,0.70983994102343,0.5161281222584666,-0.06572547233545412
2020-07-03,-0.006194128306510838,-0.009549336264442432,-1.1102230246251565e-16,-0.007114586587822547,-0.0024923850515640167,-0.0029639614495364786,0.0009430013050655273,-0.005532742851423855,-0.12906180745880536,0.05432927602720783,0.3286273616772706
2020-07-04,0.007226483024262376,0.0063662241762949545,-0.002392983397763837,0.002371528862607608,-0.0008307950171878575,0.004939935749227353,0.0018860026101328309,0.003688495234282496,-0.451716326105819,-0.4550076867278603,-0.13145094467090823
2020-07-05,-0.002064709435503853,-0.00477466813222116,0.004785966795527785,0.002371528862607386,0.0008307950171878575,-0.0029639614495362565,-3.3306690738754696e-16,0.0009221238085707628,0.1935927111882081,-0.020373478510201215,-0.26290188934181646
2020-07-06,3.3306690738754696e-16,-0.0031831120881474773,0.0,0.0023715288626075526,0.006646360137503526,0.0029639614495363675,0.005658007830397271,-0.0036884952342825517,0.12906180745880524,0.013582319006800736,-0.06572547233545412
2020-07-07,5.551115123125783e-17,0.015915560440737164,0.011964916988818852,-0.0015810192417380908,-0.005815565120315669,0.004939935749227353,0.002829003915198136,0.01567610474570097,-0.4517163261058188,-0.07470275453740927,0.06572547233545423
2020-07-08,-5.551115123125783e-17,-0.00954933626444221,-0.016750883784346637,-3.3306690738754696e-16,0.0016615900343761592,-0.009879871498454706,-0.007544010440529103,-0.012909733319988848,0.3871854223764164,0.5976220362992775,0.4600783063481786
2020-07-09,-0.0020647094355037976,0.0063662241762948435,0.011964916988819074,3.3306690738754696e-16,-0.0008307950171879686,0.010867858648300088,0.0009430013050659158,0.0064548666599942295,-0.1935927111882083,-0.4482165272244589,-0.32862736167727047
2020-07-10,0.006194128306510782,-0.00477466813222116,-0.007178950193291289,0.0015810192417378133,0.0008307950171875245,-0.004939935749227131,0.0018860026101328309,-0.0009221238085705408,0.1935927111882081,0.08828507354421244,0.06572547233545412
2020-07-11,-0.005161773588758911,-0.0031831120881473662,-0.004785966795527785,-0.0015810192417378133,0.0008307950171881906,0.0009879871498451598,-0.0047150065253313,0.0009221238085707073,0.06453090372940284,0.07470275453740904,-0.13145094467090823
2020-07-12,0.00309706415325528,0.001591556044073461,0.002392983397763837,-2.7755575615628914e-16,0.0016615900343759926,-0.003951948599381749,0.007544010440529769,-0.003688495234282496,-0.32265451864701356,-0.21052594460542662,-0.06572547233545412
2020-07-13,-0.00103235471775176,2.220446049250313e-16,-0.002392983397763615,-0.0015810192417381463,-0.001661590034375715,0.0019759742996909857,-0.0028290039151987467,-0.0009221238085707073,0.2581236149176107,0.061120435530608086,-0.065725472335454
2020-07-14,0.0020647094355034645,0.014324004396663481,0.007178950193291289,0.002371528862607608,0.004984770103127145,0.005927922899072957,0.0028290039151984137,0.001844247617141137,-0.12906180745880524,0.11544971155781414,0.32862736167727036
2020-07-15,-0.00206470943550352,-0.009549336264442432,-0.007178950193291622,-0.0015810192417387015,-0.0033231800687514856,-0.004939935749227575,-0.0037720052202646626,-0.001844247617141359,0.12906180745880524,-0.020373478510202103,-0.19717641700636224
2020-07-16,-0.0010323547177514825,0.0015915560440739607,0.002392983397764059,-0.0015810192417383684,-0.0008307950171880241,-0.0029639614495363675,-0.0037720052202644405,-0.0027663714257115113,-0.2581236149176107,-0.16298782808162193,0.3286273616772706
2020-07-17,0.001032354717751538,-0.003183112088147644,0.004785966795527674,2.220446049250313e-16,0.004153975085939954,0.012843832947991352,0.012259016965859793,0.007376990468564937,0.7098399410234297,0.4006784107006527,-0.26290188934181646
2020-07-18,-5.551115123125783e-17,0.004774668132221049,0.0071789501932914,0.0023715288626076636,-0.0033231800687520408,-0.0019759742996908747,-0.00660100913546291,-0.007376990468565658,-0.3871854223764162,0.04074695702040576,0.26290188934181646
2020-07-19,0.0030970641532554466,-0.001591556044073461,-0.01196491698881913,0.0023715288626073305,0.006646360137503804,-0.0029639614495367006,-0.0037720052202646626,0.0046106190428537586,0.0,-0.2852286991428383,-0.26290188934181646
2020-07-20,-0.006194128306510394,-0.012732448352589909,0.009571933591055182,0.0063240769669533625,-0.0016615900343762147,-0.006915910048918172,0.010373014355727905,0.0036884952342823296,-0.12906180745880547,-0.2173171041088271,-0.13145094467090823
2020-07-21,0.0041294188710065405,0.0,-0.007178950193291511,-0.0023715288626073305,3.3306690738754696e-16,0.0019759742996907637,0.0018860026101318317,0.01198760951141875,-0.1935927111882081,-0.047538116523806684,-0.06572547233545412
2020-07-22,0.002064709435503853,0.0063662241762948435,-0.007178950193291289,-0.00869560582956097,-0.004984770103127922,-0.003951948599381749,-0.014145019575991957,-0.021208847597124936,0.06453090372940262,-0.05432927602720672,0.13145094467090823
2020-07-23,0.001032354717751538,0.009549336264442598,0.0,0.003952548104345421,0.0024923850515637946,0.003951948599381749,0.008487011745595074,0.01106548570284771,0.0,0.4142607297074534,0.0
2020-07-24,-0.004129418871006929,-0.00954933626444271,0.004785966795527619,0.003162038483477403,-0.0016615900343758816,0.0,-0.0028290039151978585,-0.0009221238085704297,-0.3871854223764163,-0.24448174212243146,0.06572547233545412
2020-07-25,0.003097064153255169,0.00795778022036897,0.004785966795527619,-0.002371528862608163,-0.004153975085939288,-0.0029639614495363675,-0.0028290039151990243,-0.0027663714257122884,1.0970253633998464,0.40746957020405294,0.06572547233545412
2020-07-26,-0.0030970641532549747,-0.0063662241762951766,-5.551115123125783e-17,0.009486115450430738,0.004153975085939288,0.003951948599381971,2.7755575615628914e-16,0.0046106190428534255,-0.516247229835222,0.013582319006800958,0.19717641700636235
2020-07-27,0.004129418871006735,0.006366224176295121,0.004785966795527619,-0.009486115450430488,-0.000830795017187913,0.0019759742996909857,0.014145019575991957,-0.005532742851424466,0.0,-0.2241082636122278,-0.19717641700636235
2020-07-28,-0.003097064153255391,-0.012732448352590131,-0.0143579003865828,-0.003952548104346004,0.0024923850515641277,-0.004939935749227353,-0.01131601566079321,0.0018442476171418587,-0.19359271118820787,-0.2376905826190321,-0.06572547233545412
2020-07-29,-0.005161773588758495,0.004774668132221438,0.002392983397763948,0.007114586587822852,-0.0033231800687520408,-0.0009879871498456039,0.0037720052202641075,-0.0027663714257116223,0.0645309037294024,0.06791159503400901,-0.26290188934181646
2020-07-30,0.0010323547177519266,-0.0063662241762949545,-0.002392983397763948,-0.0015810192417381186,0.001661590034375826,0.008891884348609158,0.003772005220264718,0.004610619042852704,0.1290618074588057,0.020373478510203435,0.26290188934181646
2020-07-31,0.004129418871006929,0.00636622417629501,0.0023929833977638926,0.005533567346083568,0.00249238505156385,-0.003951948599381583,-0.005658007830396883,-0.0009221238085703465,-0.9034326522116384,-0.3803049321904499,-0.06572547233545412
2020-08-01,-0.0020647094355038254,-0.0015915560440737386,0.007178950193291345,-0.005533567346083873,2.7755575615628914e-16,-0.005927922899073179,-2.7755575615628914e-17,-3.608224830031759e-16,1.2906180745880547,0.8013568214013047,0.13145094467090823
2020-08-02,-0.005161773588758134,-2.220446049250313e-16,-0.004785966795527674,-0.002371528862607608,-0.007477155154691717,-0.0009879871498453818,0.0009430013050662489,-0.0055327428514238275,-0.1935927111882082,-0.20373478510202747,0.19717641700636235
2020-08-03,0.0072264830242615985,1.1102230246251565e-16,0.007178950193291345,0.007114586587822852,0.007477155154691439,0.008891884348609547,-0.005658007830396938,0.011987609511418723,-0.5162472298352219,-0.5297104412652685,-0.6572547233545412
2020-08-04,-0.0072264830242615985,1.1102230246251565e-16,-0.009571933591055015,-0.00632407696695364,-0.005815565120315558,-0.0019759742996912077,-0.0009430013050662212,-0.00829911427713606,0.25812361491761093,0.24448174212243234,0.19717641700636246
2020-08-05,0.004129418871006568,0.003183112088147255,0.009571933591055237,0.005533567346084428,0.004984770103127867,-0.0019759742996909857,0.0028290039151984414,0.0046106190428534255,0.0,0.4210518892108537,0.26290188934181635
2020-08-06,0.0010323547177519266,0.0015915560440739052,-0.007178950193291733,-0.008695605829561248,5.551115123125783e-17,0.001975974299691041,0.012259016965860098,-0.0046106190428534255,-0.06453090372940273,-0.4074695702040516,0.065725472335454
2020-08-07,-0.003097064153255391,-0.0015915560440737386,4.440892098500626e-16,0.00790509620869205,-0.0008307950171882461,0.000987987149845715,-0.015088020881058872,0.0009221238085707351,0.06453090372940273,0.08149391404080952,-0.13145094467090812
2020-08-08,0.010323547177517378,-0.0063662241762951766,0.009571933591054738,-0.003162038483476834,0.009969540206255179,0.006915910048918006,0.005658007830397244,0.0018442476171411926,0.0,0.020373478510202547,0.0
2020-08-09,-0.007226483024261987,0.006366224176295288,-0.0023929833977634485,-0.00632407696695364,-0.007477155154691106,-0.011855845798145526,-0.005658007830396633,-0.006454866659994257,0.06453090372940273,0.353140294176846,0.06572547233545412
2020-08-10,-0.0010323547177519266,-0.0015915560440738497,0.0,0.008695605829561262,0.002492385051563517,0.01086785864830031,0.009430013050661046,0.0027663714257115946,0.1935927111882082,-0.23769058261902987,0.06572547233545412
2020-08-11,0.0,-0.0015915560440737941,-0.004785966795527619,-0.00316203848347682,-0.00332318006875143,-0.007903897198763943,-0.005658007830396633,0.0009221238085707351,-0.3226545186470138,-0.08828507354421222,-0.06572547233545412
2020-08-12,-0.0020647094355031037,-0.0015915560440737941,0.007178950193291289,-0.0047430577252149525,0.0024923850515634893,0.003951948599381749,0.002829003915198497,-0.004610619042853092,0.1935927111882083,-0.12224087106121662,-0.19717641700636235
2020-08-13,0.004129418871006596,-0.0031831120881473662,0.002392983397763726,0.011067134692168329,-0.000830795017187913,-0.002963961449536312,0.0056580078303965775,0.011987609511418085,-0.70983994102343,-0.10865855205441277,0.06572547233545412
2020-08-14,-0.0030970641532550303,0.0031831120881473107,-0.014357900386582634,-0.008695605829560714,-0.010800335223442842,-0.002963961449536423,-0.005658007830396605,-0.012909733319988487,0.8389017484822354,0.28522869914283633,0.19717641700636235
2020-08-15,0.002064709435503076,0.0031831120881476993,0.002392983397763726,-2.8449465006019636e-16,0.00913874518906696,-0.0009879871498454373,-0.0018860026101322064,0.005532742851423161,-0.7743708447528328,-0.20373478510202658,-0.3286273616772706
2020-08-16,-0.004129418871006554,0.0031831120881473107,-0.004785966795527619,-0.000790509620869205,0.0033231800687520408,-0.0009879871498455484,-0.0028290039151987606,-0.0009221238085700828,0.38718542237641645,-0.2784375396394357,-0.26290188934181635
2020-08-17,0.0010323547177519266,-0.0031831120881473662,0.007178950193291289,0.001581019241738417,-0.007477155154691717,0.002963961449536423,3.0531133177191805e-16,0.0009221238085704297,0.451716326105819,0.6791159503400881,0.4600783063481787
2020-08-18,0.0020647094355031037,-0.00477466813222116,-0.007178950193291289,-0.002371528862607629,-0.004153975085939621,-0.0069159100489183944,-3.191891195797325e-16,-0.004610619042853092,0.06453090372940268,-0.013582319006801902,0.19717641700636235
2020-08-19,0.004129418871006929,0.007957780220368527,0.0143579003865828,0.0015810192417390033,0.0008307950171878853,0.007903897198763915,1.3877787807814457e-17,0.0009221238085707489,-0.6453090372940271,-0.33955797517004405,-0.19717641700636235
2020-08-20,-0.0030970641532550025,-0.00477466813222116,-0.007178950193291289,0.002371528862606744,0.004984770103127922,-0.005927922899072929,0.004715006525330967,0.0046106190428530786,0.1935927111882081,0.10865855205441366,-0.06572547233545412
2020-08-21,-0.0010323547177519404,0.0015915560440738497,0.0,2.914335439641036e-16,-0.0008307950171885237,0.005927922899072791,-0.0028290039151984622,0.0009221238085704089,0.06453090372940273,0.04074695702040587,0.19717641700636235
2020-08-22,0.0,0.007957780220368471,-0.004785966795527591,-0.006324076966953364,0.0033231800687523044,-0.0069159100489182,0.0018860026101319045,-0.0009221238085707351,0.06453090372940273,0.027164638013602915,0.13145094467090812
2020-08-23,-0.00206470943550309,-0.006366224176294982,0.0023929833977636705,0.008695605829560695,-0.008307950171879616,0.009879871498454929,-0.0037720052202641075,-0.007376990468564666,0.1935927111882081,0.14261434957141905,-0.13145094467090812
2020-08-24,-0.0010323547177523013,-0.0015915560440735443,0.002392983397763726,-0.0039525481043454535,0.0016615900343758677,-0.0019759742996913465,-0.0009430013050665629,0.0018442476171408317,-0.2581236149176108,-0.2241082636122288,-0.13145094467090823
2020-08-25,0.005161773588759244,-0.0031831120881475883,-0.004785966795527424,-0.003162038483476826,-0.0016615900343755624,0.0009879871498459647,-0.0037720052202641022,0.0009221238085710785,0.1935927111882083,0.08828507354421133,-0.13145094467090823
2020-08-26,0.0123882566130201,0.012732448352590187,0.014357900386582606,0.0007905096208689136,0.00830795017187902,-0.006915910048918922,-0.000943001305066562,0.0036884952342823366,-0.45171632610581924,-0.22410826361223002,0.0
2020-08-27,-0.019614739637282448,-0.014324004396664008,-0.0023929833977636705,0.0,-0.0016615900343758538,0.005927922899073318,0.0075440104405294335,0.0018442476171411613,0.6453090372940273,0.4278430487142564,0.26290188934181646
2020-08-28,0.006194128306510428,0.009549336264442598,-0.007178950193291317,0.0031620384834768304,0.004984770103127881,-0.002963961449536562,0.0028290039151984588,-0.002766371425711579,-0.3871854223764164,-0.5772485577890749,-0.13145094467090823
2020-08-29,-0.006194128306510428,-0.009549336264442349,0.0023929833977636983,-0.0071145865878225745,-0.009138745189067557,0.0,-0.005658007830397226,-1.734723475976807e-18,-0.3871854223764164,0.14261434957141816,-0.06572547233545412
2020-08-30,0.0,0.001591556044073572,-0.007178950193291511,0.0023715288626073305,0.0008307950171879408,-0.0009879871498455761,0.002829003915198764,-0.0055327428514241606,0.12906180745880547,0.06791159503400879,-0.26290188934181635
2020-08-31,0.005161773588758495,0.009549336264442293,0.0023929833977638926,0.007114586587823157,-0.0024923850515637946,0.003951948599381971,-0.0056580078303969175,0.005532742851423829,-0.1290618074588054,-0.2241082636122289,0.3943528340127246
2020-09-01,-0.0030970641532550164,-0.009549336264442015,2.7755575615628914e-17,-0.009486115450430488,-0.0016615900343758677,-0.0029639614495362288,-0.0009430013050662558,0.0018442476171414961,0.70983994102343,0.49575464374826417,-0.13145094467090823
2020-09-02,-6.938893903907228e-18,0.009549336264442015,-2.7755575615628914e-17,0.00790509620869178,0.0024923850515637877,0.0029639614495362288,0.00848701174559538,-0.003688495234282659,5.551115123125783e-17,0.08828507354421211,0.3943528340127246
2020-09-03,0.0020647094355031037,0.001591556044073822,0.009571933591055237,-0.003952548104346032,0.006646360137503769,-0.005927922899072957,-0.00848701174559538,0.0018442476171414944,-0.06453090372940273,-0.08149391404081163,-0.065725472335454
2020-09-04,0.002064709435503853,-0.006366224176294705,-0.009571933591055237,-6.938893903907228e-18,-0.004153975085939968,0.003951948599382138,0.003772005220264718,-3.3306690738754696e-16,-0.3226545186470138,-0.2920198586462368,-0.591529251019087
2020-09-05,-0.0020647094355034784,-0.007957780220368776,0.0023929833977639203,0.0031620384834774237,6.938893903907228e-18,-0.002963961449536562,0.0009430013050659367,-0.0046106190428530786,-0.5162472298352216,-0.37351377268704933,-0.19717641700636224
2020-09-06,-0.0010323547177519266,0.0031831120881473662,-0.007178950193291511,-0.005533567346085053,-6.938893903907228e-18,0.003951948599381971,-0.005658007830396911,0.006454866659994583,0.70983994102343,0.46859000573466114,0.46007830634817876
2020-09-07,0.002064709435503475,0.025464896705179596,0.0,3.0531133177191805e-16,-0.002492385051563493,-0.004939935749227742,0.0028290039151987745,-0.0027663714257122538,-0.12906180745880547,0.033955797517004394,0.19717641700636224
2020-09-08,0.0,-0.027056452749253154,0.0023929833977636983,-0.00158101924173841,-0.0008307950171882357,3.7470027081099033e-16,-0.0018860026101325256,-0.0036884952342819965,0.1935927111882082,0.14940550907481964,-0.06572547233545406
2020-09-09,-0.0010323547177515484,0.0,0.009571933591055418,0.0,0.0016615900343758677,-0.0009879871498454096,-0.0009430013050662489,-0.0009221238085714151,-0.6453090372940273,-0.21731710410882843,0.3943528340127246
2020-09-10,0.007226483024261977,0.00477466813222116,2.220446049250313e-16,0.00869560582956068,0.010800335223443421,0.005927922899072596,0.00565800783039723,0.010143361894277572,0.5807781335646246,0.13582319006801757,-0.26290188934181635
2020-09-11,-0.0010323547177515501,0.007957780220368527,0.0047859667955271745,-0.0007905096208689066,-0.008307950171879627,-0.003951948599381791,-0.007544010440529436,-0.0046106190428530786,-0.12906180745880547,-0.14940550907481953,-0.3943528340127247
2020-09-12,-0.009291192459765828,-0.007957780220368527,-0.011964916988818908,-0.0039525481043457406,0.000830795017187933,0.001975974299691166,0.010373014355727586,-0.008299114277136074,-0.3871854223764163,-0.3259756561632421,-0.19717641700636224
2020-09-13,0.0010323547177519266,0.0015915560440735443,-0.0023929833977636983,0.0007905096208691981,0.0,-0.0029639614495369365,-0.00848701174559538,0.0,0.7098399410234298,0.4210518892108548,0.06572547233545406
2020-09-14,0.004129418871006952,-0.0015915560440735443,0.009571933591054987,-2.7755575615628914e-16,0.0008307950171879339,0.011855845798146289,0.007544010440529436,0.0055327428514238275,-0.3871854223764163,0.06791159503400879,0.5915292510190869
2020-09-15,-0.0030970641532554032,0.007957780220368513,0.0023929833977639273,0.00158101924173841,-0.0008307950171876355,-0.007903897198764137,-0.006601009135463187,0.0018442476171414979,-0.5162472298352218,-1.0186739255101327,-4.600783063481788
2020-09-16,0.0082588377420139,-0.0031831120881473454,-0.004785966795527619,-0.005533567346084456,-0.002492385051564093,-0.004939935749227367,0.002829003915198469,-0.0009221238085707489,0.7743708447528327,1.2088263916053577,8.018507624925402
2020-09-17,-0.0020647094355034715,-0.00477466813222116,0.007178950193291525,0.004743057725215244,0.00913874518906755,0.00098798714984559,0.003772005220264399,-0.004610619042853412,-0.19359271118820817,-4.440892098500626e-16,-3.023371727430889
2020-09-18,-0.0030970641532550233,0.009549336264442317,-0.011964916988819126,0.0031620384834771254,-0.006646360137503755,0.0019759742996907914,-0.009430013050661323,0.0009221238085710681,0.12906180745880547,-0.35314029417684606,-0.9201566126963574
2020-09-19,-0.004129418871006957,-0.00954933626444232,0.023929833977638024,-0.003952548104346032,-0.0016615900343758677,0.00098798714984559,0.007544010440529436,0.0027663714257116223,-0.70983994102343,-0.6587424718298855,-0.5258037786836327
2020-09-20,0.0030970641532550303,-0.006366224176294972,-0.028715800773165625,-0.003952548104346337,-0.0008307950171876216,-0.003951948599382152,-0.0018860026101325256,-0.0036884952342826904,0.7743708447528327,0.6926982693468906,0.5915292510190868
2020-09-21,0.0,0.003183112088147075,0.009571933591055208,0.0031620384834771254,-3.0531133177191805e-16,0.0059279228990731375,2.7755575615628914e-17,0.0018442476171414979,-0.3226545186470136,0.020373478510202436,0.3943528340127247
2020-09-22,-0.005161773588758502,0.0015915560440743597,-0.004785966795527605,0.0007905096208689066,0.0016615900343758538,-0.006915910048918172,-0.004715006525330689,-0.0009221238085707628,0.451716326105819,0.13582319006801713,-0.3286273616772706
2020-09-23,0.006194128306510421,0.0031831120881470765,0.0047859667955276065,0.0023715288626073305,0.0024923850515638085,0.003951948599381604,0.002829003915198469,0.0018442476171415256,0.19359271118820814,0.4006784107006524,0.657254723354541
2020-09-24,-0.0030970641532550164,0.007957780220368785,-0.002392983397763917,-0.0023715288626067477,0.0008307950171882322,0.004939935749227367,-3.0531133177191805e-16,-2.7755575615628914e-17,-1.0324944596704435,-0.6655336313332861,-0.1971764170063623
2020-09-25,0.010323547177516615,-0.009549336264442324,-0.002392983397763688,0.001581019241737841,-0.001661590034376173,-0.003951948599381784,-0.0009430013050659436,-3.0531133177191805e-16,0.2581236149176109,-1.3877787807814457e-17,-0.26290188934181646
2020-09-26,-0.008258837742013136,-0.0047746681322214345,0.0,-0.0071145865878225745,3.191891195797325e-16,-0.003951948599381971,-2.7755575615628914e-17,0.0009221238085710681,0.5162472298352218,0.23089942311562936,-0.06572547233545406
2020-09-27,-0.004129418871007345,2.740863092043355e-16,-0.0023929833977636913,0.0,-0.007477155154692022,0.0009879871498454026,0.0009430013050662767,-0.0046106190428537586,0.06453090372940273,0.16977898758502302,0.39435283401272464
2020-09-28,0.003097064153255419,0.003183112088147349,0.0023929833977636913,0.00316203848347682,0.003323180068752346,0.00197597429969135,0.0018860026101322203,0.0046106190428534255,-0.12906180745880547,-0.16977898758502302,-0.46007830634817876
2020-09-29,0.001032354717751538,0.001591556044073815,0.0023929833977636913,-0.0007905096208694895,-0.0024923850515641,-0.0029639614495369365,-0.0018860026101322203,-0.004610619042853065,-0.2581236149176109,-0.2105259446054269,-0.5915292510190869
2020-09-30,-0.00206470943550309,-0.001591556044073815,4.371503159461554e-16,-0.0007905096208689066,0.00581556512031553,0.003951948599381971,-0.0028290039151987745,0.0027663714257119,-0.451716326105819,-0.49575464374826417,0.5915292510190869
2020-10-01,-0.003097064153255405,0.00477466813222116,0.0023929833977634762,0.0063240769669533625,0.010800335223443425,0.0019759742996911696,0.007544010440529436,0.0,0.8389017484822354,0.8081479809047043,0.1314509446709082
2020-10-02,0.006194128306510047,-0.006366224176294968,-0.0023929833977636983,-0.003162038483476848,-0.0041539750859396485,-0.004939935749227372,-0.004715006525330356,0.0027663714257119,-0.8389017484822354,-0.5025458032516646,-0.1314509446709082
2020-10-03,-0.006194128306510047,0.014324004396663745,-2.0816681711721685e-16,0.003952548104346337,-3.3306690738754696e-16,8.673617379884035e-19,-0.0037720052202650234,-0.004610619042853065,0.5162472298352218,0.1494055090748191,-0.39435283401272464
2020-10-04,0.007226483024262362,-0.017507116484811097,-0.007178950193291303,-0.008695605829561276,-0.0049847701031275615,-1.8518173106052416e-16,0.0018860026101321925,-0.0009221238085710681,0.06453090372940273,0.21052594460542742,0.39435283401272464
2020-10-05,0.013420611330771631,0.0,0.00957193359105521,0.012648153933906725,0.006646360137503721,0.012843832947991499,0.009430013050661351,0.013831857128560221,-0.06453090372940273,0.0747027545374098,0.5258037786836329
2020-10-06,-0.012388256613020107,0.0,-0.00957193359105521,-0.005533567346084151,-0.006646360137503721,-0.010867858648300515,-0.004715006525330356,-0.012909733319989486,0.19359271118820814,-0.18336130659182398,-0.8544311403609034
2020-10-07,-0.008258837742013886,0.014324004396663495,0.0143579003865828,-0.00316203848347682,0.006646360137503721,0.0059279228990731445,-0.0018860026101322203,0.0055327428514241606,0.3226545186470136,0.5432927602720705,0.8544311403609034
2020-10-08,0.007226483024261987,-0.0031831120881473662,-0.004785966795527591,0.007905096208692342,0.002492385051563517,-0.004939935749227745,0.002829003915198164,0.0027663714257119,-1.0970253633998461,-0.8013568214013037,-0.46007830634817876
2020-10-09,0.005161773588758495,0.0,1.3877787807814457e-17,-0.0015810192417390068,-0.013292720275006609,0.00098798714984559,0.004715006525330662,-0.005532742851424133,0.5162472298352218,0.08149391404081072,-0.39435283401272464
2020-10-10,0.003097064153255391,-0.007957780220368776,-0.009571933591055223,3.3306690738754696e-16,0.002492385051563517,-0.001975974299690618,-0.006601009135462577,0.006454866659994896,0.2581236149176109,0.5636662387822724,1.0516075573672656
2020-10-11,-0.012388256613020843,0.012732448352589937,0.007178950193291511,-0.0023715288626073583,-0.00249238505156385,-0.0009879871498457704,-0.005658007830397216,-0.010143361894277586,-0.32265451864701367,-0.23089942311562936,-0.26290188934181646
2020-10-12,-2.7755575615628914e-17,-0.01591556044073729,-0.007178950193291511,0.0015810192417381463,3.3306690738754696e-16,0.0009879871498453957,0.0037720052202644128,0.010143361894277586,-0.19359271118820814,-0.4753811652380616,-0.9201566126963574
2020-10-13,0.006194128306510838,0.001591556044073822,0.0143579003865828,-3.3306690738754696e-16,-0.0016615900343761592,0.003951948599381978,0.009430013050661962,-0.007376990468565325,0.70983994102343,0.2988110181496382,0.3943528340127246
2020-10-14,-0.00619412830651081,-2.914335439641036e-16,-0.009571933591055182,-0.004743057725214939,0.0024923850515637946,-0.0059279228990731445,-0.012259016965860459,0.0036884952342826627,-0.3226545186470136,0.027164638013603887,-0.26290188934181646
2020-10-15,0.01342061133077238,0.0031831120881479075,0.01675088378434647,3.3306690738754696e-16,0.011631130240631005,0.003951948599382346,0.014145019575992956,-0.005532742851424133,0.1290618074588054,0.3803049321904499,0.7887056680254493
2020-10-16,0.011355901895268944,0.0015915560440735443,-0.01675088378434647,0.0031620384834767923,-0.009969540206254845,0.0009879871498455761,-0.005658007830397549,0.004610619042853703,-0.8389017484822354,-0.7809833428911023,-0.5258037786836328
2020-10-17,-0.027873577379296355,0.0015915560440735166,-0.004785966795527619,0.0007905096208686291,-0.0008307950171885237,-1.8041124150158794e-16,-0.008487011745595074,-0.005532742851424466,0.4517163261058191,0.06791159503400934,-0.3943528340127247
2020-10-18,0.007226483024262376,-0.007957780220368499,0.004785966795527591,-0.002371528862607053,-0.004984770103126701,-0.004939935749227742,-0.0009430013050662489,0.0009221238085707073,0.32265451864701356,0.5636662387822728,0.5258037786836329
2020-10-19,-0.003097064153255835,0.011140892308516143,0.004785966795527619,-5.551115123125783e-16,0.005815565120314614,0.0059279228990731375,0.004715006525330689,0.0009221238085708183,0.32265451864701367,0.20373478510202653,0.7229801956899952
2020-10-20,-0.002064709435503076,-0.009549336264442349,0.004785966795527619,8.326672684688674e-16,-0.004153975085939343,-0.002963961449536187,-0.0018860026101319427,0.0018442476171414146,-0.2581236149176109,-0.38709609169384995,-0.5915292510190869
2020-10-21,0.010323547177517434,0.009549336264442071,-0.011964916988818936,-0.004743057725215494,0.0016615900343761036,0.0009879871498452014,0.0009430013050656938,5.551115123125783e-17,-0.1935927111882082,0.2241082636122284,0.06572547233545406
2020-10-22,-0.004129418871007429,-0.0031831120881470887,0.004785966795527397,0.01185764431303754,0.004984770103127367,0.002963961449536756,0.0018860026101321647,0.0036884952342823296,0.32265451864701356,-0.2241082636122284,-0.26290188934181635
2020-10-23,0.004129418871007429,-2.498001805406602e-16,0.007178950193291761,-0.004743057725215272,0.0016615900343761592,0.008891884348609172,0.0047150065253313,0.002766371425712233,-0.5162472298352216,0.013582319006801957,0.19717641700636224
2020-10-24,-0.001032354717751982,0.007957780220368499,-0.002392983397763948,-0.0007905096208689621,-0.006646360137503804,-0.011855845798145748,-0.0009430013050662489,-0.010143361894277225,0.19359271118820814,-0.12903203056461715,-0.4600783063481787
2020-10-25,-0.005161773588758856,-0.01273244835258941,-0.009571933591055182,3.3306690738754696e-16,-0.0033231800687517077,-3.608224830031759e-16,-0.0047150065253310225,0.008299114277135367,-1.2906180745880544,-1.0254650850135332,-0.39435283401272464
2020-10-26,0.009291192459765785,0.017507116484810847,0.011964916988818686,0.0007905096208689621,0.007477155154691717,0.012843832947991685,0.0009430013050663044,0.0009221238085710959,1.6778034969644708,1.5076374097549958,0.7887056680254493
2020-10-27,-0.003097064153255391,-0.007957780220368527,-0.004785966795527424,-0.0015810192417384794,-0.0016615900343762147,-0.009879871498455095,0.0009430013050662489,-0.0055327428514238,-0.258123614917611,0.06112043553060781,0.5915292510190869
2020-10-28,0.010323547177517434,-0.003183112088147616,-0.004785966795527341,0.003952548104346365,0.0024923850515641277,0.008891884348609325,0.005658007830396605,0.007376990468565325,0.1935927111882082,-0.16298782808162154,-0.39435283401272464
2020-10-29,-0.0051617735887585225,0.0015915560440735166,0.007178950193291289,-0.003952548104346365,-0.006646360137503748,-0.005927922899072402,-0.009430013050661379,-0.0027663714257122884,-0.70983994102343,-0.719862907360493,-0.8544311403609033
2020-10-30,-0.0020647094355039086,0.007957780220368804,0.004785966795527341,0.004743057725214994,0.0033231800687517077,0.003951948599381583,0.01320201827092643,0.012909733319988848,-0.25812361491761077,-0.08828507354421128,0.3286273616772705
2020-10-31,0.006194128306510838,-0.006366224176294677,-0.009571933591055126,0.0,0.007477155154691384,-0.0069159100489185055,-0.0047150065253310225,-0.011065485702847322,0.3871854223764162,0.27164638013603537,-0.2629018893418164
2020-11-01,-0.012388256613020843,0.0,-0.0023929833977635595,0.004743057725215494,-0.008307950171878964,-0.005927922899072791,-0.0009430013050659158,-0.00461061904285337,0.8389017484822354,0.6723247908366865,0.5915292510190869
2020-11-02,0.0051617735887585225,-5.551115123125783e-17,0.021536850579873923,-0.007905096208692342,-3.885780586188048e-16,0.010867858648300477,0.0009430013050656383,-0.0027663714257119554,-1.161556267129249,-1.0594208825305371,-0.26290188934181646
2020-11-03,-0.003097064153255058,0.011140892308515615,-0.014357900386582578,-0.0007905096208683515,-0.0016615900343757706,-0.000987987149845715,-0.004715006525330356,0.0036884952342826627,1.5487416895056654,1.2088263916053572,0.26290188934181646
2020-11-04,-0.0061941283065100605,-0.007957780220368194,-0.007178950193291733,0.005533567346083623,0.005815565120315447,-0.005927922899072791,0.002829003915198469,0.004610619042853092,-0.9034326522116382,-0.5025458032516656,0.06572547233545412
2020-11-05,0.025808867943792557,0.011140892308516337,0.014357900386583022,-0.0031620384834769033,3.3306690738754696e-16,0.008891884348609713,-0.0028290039151985247,-0.006454866659994618,0.0,0.162987828081621,0.26290188934181635
2020-11-06,-0.029938286814799486,-4.996003610813204e-16,0.0,0.004743057725215605,0.002492385051563517,-0.0029639614495369226,0.0018860026101322758,0.007376990468565381,0.1290618074588054,-0.19015246609522446,-0.26290188934181635
2020-11-07,0.017550030201778977,0.003183112088147644,0.007178950193291733,-0.006324076966953696,-0.004153975085939732,0.002963961449536534,-5.551115123125783e-17,-0.0027663714257119554,2.7755575615628914e-17,0.0814939140408108,-0.3286273616772706
2020-11-08,-0.00825883774201397,-0.02069022857295849,-0.007178950193291733,0.004743057725214661,0.0008307950171883016,-3.3306690738754696e-16,-0.0037720052202646626,0.0,-0.19359271118820817,-0.1154497115578152,0.19717641700636235
2020-11-09,-0.003097064153254947,0.00954933626444232,0.0023929833977638926,-0.0031620384834759596,-0.005815565120315891,0.004939935749228075,0.0009430013050665265,0.0,0.06453090372940272,0.12224087106121567,0.39435283401272464
2020-11-10,0.006194128306510449,0.006366224176295232,0.033501767568693,0.016600702038252257,0.02076987542969866,0.012843832947990963,0.017917024796256453,0.012909733319989514,1.3877787807814457e-17,0.10865855205441466,-0.3286273616772705
2020-11-11,-4.440892098500626e-16,-4.996003610813204e-16,-0.04307370115974812,-0.016600702038252257,-0.004984770103127811,-0.004939935749227353,-0.011316015660793599,-0.011065485702848654,-0.38718542237641634,-0.013582319006801957,0.4600783063481787
2020-11-12,0.003097064153255835,0.007957780220368749,0.016750883784346415,0.007905096208691509,-0.008307950171879463,-0.0029639614495362565,0.007544010440529436,0.005532742851424799,0.19359271118820814,-0.6926982693468906,-1.248783974373628
2020-11-13,0.0010323547177510939,0.004774668132221382,-0.014357900386582578,-0.003162038483476848,0.009969540206255512,0.013831820097836789,-5.551115123125783e-16,0.0027663714257112337,-0.32265451864701356,0.07470275453741027,0.5915292510190868
2020-11-14,0.004129418871007484,-0.007957780220368416,0.004785966795527341,0.008695605829561304,-0.004153975085939621,-0.007903897198763998,-0.006601009135462577,-0.009221238085706074,0.451716326105819,0.26485522063263434,-0.32862736167727047
2020-11-15,-0.013420611330772547,-0.01591556044073794,-0.011964916988819074,-0.015810192417383573,-0.004153975085939954,-0.011855845798145914,-0.0018860026101328309,-0.0036884952342830513,0.6453090372940272,0.5568750792788724,0.9201566126963574
2020-11-16,0.0227118037905375,0.027056452749253834,0.028715800773166156,0.017391211659121386,0.02409305549845031,0.02173571729660073,0.01037301435572846,0.019364599979984076,-1.2260871708586518,-0.6723247908366876,-0.3943528340127246
2020-11-17,-0.009291192459765063,-0.014324004396663814,-0.014357900386583577,-0.010276625071299117,-0.015785105326570403,-0.01481980724768217,-0.001886002610133053,-0.016598228554271843,0.2581236149176108,-0.2988110181496386,-0.7887056680254493
2020-11-18,-3.3306690738754696e-16,0.007957780220369304,0.014357900386583466,0.009486115450430543,-5.551115123125783e-16,0.01185584579814547,0.0028290039151990243,0.019364599979983743,-0.4517163261058189,0.08828507354421178,0.4600783063481787
2020-11-19,-0.006194128306510449,-0.011140892308517003,-0.03350176756869383,-0.012648153933907391,-0.00415397508593951,-0.018771755847063587,-0.00848701174559563,-0.013831857128559943,1.2260871708586516,0.719862907360493,0.06572547233545412
2020-11-20,0.0051617735887588,0.0031831120881476993,0.011964916988819518,0.005533567346084456,-0.0016615900343760481,0.009879871498454262,0.010373014355727461,-0.004610619042852981,0.25812361491761093,0.2784375396394362,0.9201566126963576
2020-11-21,-0.004129418871006485,-0.003183112088146811,0.01914386718210992,0.003162038483476848,0.004984770103128255,-0.0029639614495364786,0.004715006525331078,0.0138318571285595,-0.6453090372940273,-0.2716463801360348,-0.525803778683633
2020-11-22,0.005161773588758134,0.01114089230851556,0.007178950193292288,-0.011857644313037485,-0.0049847701031283664,-0.007903897198763277,-0.018860026101323313,-0.012909733319988792,-0.451716326105819,-0.2716463801360356,0.13145094467090834
2020-11-23,-0.010323547177517045,-0.004774668132221382,-0.021536850579874756,0.0015810192417378133,-0.0008307950171875245,-0.000987987149846048,0.007544010440529436,-0.0046106190428537586,0.4517163261058191,-0.20373478510202647,-0.7229801956899953
2020-11-24,0.0,-0.017507116484810625,-0.0071789501932914,0.0015810192417383684,-0.0033231800687519852,0.004939935749227686,-0.005658007830396827,0.007376990468565325,-0.5162472298352218,-0.18336130659182348,1.1102230246251565e-16
2020-11-25,0.02167944907278596,0.020690228572958214,0.004785966795527452,0.007114586587822935,0.004984770103127811,0.011855845798145914,0.023575032626653503,0.03319645710854391,0.7098399410234298,0.6994894288502904,0.7887056680254492
2020-11-26,-0.006194128306510116,0.0031831120881479213,0.007178950193291289,0.004743057725215216,0.001661590034375604,-0.008891884348609769,-0.005658007830396494,-0.026741590448548958,0.45171632610581913,0.2512729016258324,1.1102230246251565e-16
2020-11-27,0.013420611330772436,0.027056452749252613,0.04785966795527685,0.01976274052172955,0.029077825601578233,0.013831820097837233,0.01886002610132287,0.011987609511418085,-1.0970253633998464,-0.719862907360493,-0.32862736167727064
2020-11-28,-0.029938286814800152,-0.046155125278137366,-0.045466684557512904,-0.01976274052172955,-0.03323180068751763,-0.019759742996909968,-0.029233040457050552,-0.019364599979983188,0.38718542237641634,-0.10865855205441416,-0.4600783063481787
2020-11-29,0.007226483024261876,-0.00795778022036897,-0.004785966795527452,-0.011067134692168912,-0.003323180068751763,-0.008891884348609325,-0.0056580078303974934,-0.0018442476171420807,-0.25812361491761093,-0.013582319006802013,-0.13145094467090818
2020-11-30,7.771561172376096e-16,0.0063662241762947325,0.009571933591055237,-0.002371528862607608,0.003323180068751763,0.01185584579814547,0.010373014355728127,6.661338147750939e-16,0.70983994102343,0.9575534899795248,1.248783974373628
2020-12-01,-6.661338147750939e-16,0.009549336264442987,-0.002392983397764392,0.008695605829561304,0.001661590034375382,4.440892098500626e-16,-0.004715006525331189,0.005532742851423467,-1.41967988204686,-1.6162959618094106,-1.314509446709082
2020-12-02,0.014452966048523863,0.012732448352589243,0.002392983397764281,0.014229173175645093,0.03073941563595428,0.03260357594490115,0.027347037846918942,0.021208847597125602,1.0324944596704437,0.8081479809047054,0.32862736167727047
2020-12-03,0.009291192459766284,0.00954933626444232,-0.00478596679552723,-0.007114586587822269,-0.0049847701031277,-0.005927922899073068,-0.0009430013050663044,-0.009221238085707184,0.1935927111882081,0.25806406112923375,0.06572547233545412
2020-12-04,0.007226483024261543,0.014324004396663703,0.03828773436422073,0.017391211659121275,0.010800335223443147,0.005927922899073179,0.006601009135463243,0.011987609511419084,-0.3226545186470138,0.2308994231156294,1.1173330297027197
2020-12-05,-0.022711803790537832,-0.03660578901369593,-0.031108784170929882,-0.012648153933906059,-0.020769875429698326,-0.0138318200978369,-0.01225901696586007,-0.011065485702848044,-0.1935927111882081,-0.550083919775471,-1.1830585020381739
2020-12-06,0.0,-0.01591556044073661,0.002392983397763837,-0.002371528862608052,-0.008307950171879686,-0.02272370444644678,-0.014145019575992013,-0.003688495234282496,0.06453090372940284,-0.19694362559862544,-0.3286273616772707
2020-12-07,0.0103235471775176,0.019098672528884197,-0.007178950193291289,-0.003952548104345643,0.010800335223443813,0.01975974299691008,0.016974023491189927,0.011987609511417863,-0.06453090372940284,0.10186739255101274,0.5258037786836329
2020-12-08,0.001032354717751316,-0.017507116484810847,0.021536850579874756,0.011067134692168468,-0.004153975085940509,-0.008891884348609214,-0.00565800783039605,0.00461061904285387,0.5807781335646247,0.44142536772105756,0.06572547233545412
2020-12-09,-0.018582384919530792,0.00954933626444232,-0.035894750966457556,-0.018181721279991292,0.00581556512031578,0.01481980724768217,0.0009430013050655273,-0.003688495234282385,-0.5162472298352221,-0.2580640611292335,-0.13145094467090823
2020-12-10,0.01342061133077177,0.031831120881474106,0.0143579003865828,0.009486115450429988,-0.007477155154691495,-0.016795781547373156,-0.01225901696586007,0.005532742851423134,0.6453090372940273,0.37351377268704833,0.19717641700636235
2020-12-11,6.661338147750939e-16,-0.014324004396662593,0.019143867182110252,0.013438663554776298,-0.00581556512031467,0.003951948599381749,0.007544010440529547,0.0073769904685661025,0.1935927111882083,0.16977898758502263,0.19717641700636235
2020-12-12,0.002064709435503298,-0.03342267692554923,-0.021536850579873645,-0.018181721279990848,-0.004153975085940731,0.014819807247682615,0.018860026101323202,-0.027663714257120553,-0.5162472298352219,-0.3056021776530403,0.06572547233545412
2020-12-13,-0.010323547177516934,0.014324004396664591,0.004785966795527008,0.0015810192417382574,-0.001661590034375715,-0.03062760164521028,-0.03866305350771282,0.009221238085706851,0.06453090372940268,0.1765701470884231,-1.1102230246251565e-16
2020-12-14,0.019614739637281886,0.004774668132220272,0.009571933591055348,0.011067134692168246,0.030739415635953726,0.016795781547372934,0.01980302740639006,0.008299114277136255,-1.4842107857762625,-1.1137501585577443,-0.9201566126963574
2020-12-15,-0.012388256613019788,-0.009549336264441877,-0.01914386718211003,-0.0031620384834767368,-0.01993908041250969,0.00197597429969143,0.005658007830396494,-0.002766371425712233,1.0324944596704435,0.4685900057346608,0.32862736167727047
2020-12-16,0.001032354717751316,0.01909867252888464,-0.011964916988818963,-0.011067134692168912,0.0024923850515627954,-0.010867858648300643,-0.015088020881058428,-0.0009221238085708183,-0.06453090372940262,0.14940550907481898,0.19717641700636235
2020-12-17,0.001032354717751982,0.028648008793326518,0.01914386718211003,0.00632407696695414,0.0008307950171888567,0.020747730146755794,-0.009430013050661934,0.005532742851424688,0.5807781335646245,0.14261434957141894,-0.19717641700636213
2020-12-18,0.004129418871006596,-0.03819734505776884,-0.014357900386582578,-0.0039525481043460875,0.0016615900343746048,-0.006915910048918894,0.015088020881058872,-0.010143361894277891,-0.3871854223764166,0.15619666857821968,0.46007830634817837
2020-12-19,-0.010323547177517822,0.004774668132220938,0.011964916988818741,0.00869560582956086,0.004984770103128255,0.006915910048918672,0.0037720052202645515,-0.012909733319989014,4.440892098500626e-16,-0.23089942311562917,-0.39435283401272425
2020-12-20,-0.007226483024260766,-0.028648008793326962,-0.009571933591055348,-0.01739121165912194,-0.01744669536094623,-0.03161558879505555,-0.0037720052202645515,0.002766371425711789,0.5807781335646243,0.6383689933196826,0.6572547233545407
2020-12-21,-0.0020647094355046303,0.027056452749253168,0.004785966795527896,0.002371528862608052,-0.010800335223443591,0.003951948599381527,-0.009430013050661934,0.009221238085707295,-0.32265451864701356,-0.41426072970745387,-0.131450944670908
2020-12-22,0.025808867943794,0.055704461542580797,0.03110878417092966,0.01581019241738324,0.024923850515637502,0.030627601645209612,0.0018860026101326088,0.008299114277135367,0.1935927111882081,0.08149391404081041,-0.3286273616772706
2020-12-23,-0.011355901895269138,-0.07639469011553879,-0.026322817375402208,-0.006324076966953918,-0.007477155154690385,-0.025687665895981926,0.011316015660793655,-0.009221238085707073,-0.5807781335646243,-0.46179884623125944,-0.5258037786836329
2020-12-24,-0.004129418871007262,0.05092979341035875,0.02153685057987409,0.0039525481043460875,0.014123515292194355,0.0039519485993826375,-0.011316015660792988,0.006454866659995728,1.1615562671292488,1.3514407411767748,1.2487839743736282
2020-12-25,-0.02787357737929619,-0.057296017586653925,-0.04785966795527585,-0.030039365593028666,-0.040708955842208905,-0.026675653045828973,-0.02263203132158842,-0.03872919995996815,-1.355148978317457,-2.3972793047005108,-1.9717641700636235
2020-12-26,0.06503834721835822,0.057296017586653925,0.040680717761984786,0.06324076966953474,0.07477155154691517,0.05631526754119287,0.06412408874449804,0.0691592856427985,-0.7098399410234302,0.8217302999115066,1.1830585020381743
2020-12-27,-0.05265009060533821,-0.057296017586653925,-0.00957193359105557,-0.05533567346084256,-0.054832471134404814,-0.025687665895983258,-0.052808073083704166,-0.03596282853425481,1.5487416895056656,0.8421037784217094,0.26290188934181624
2020-12-28,0.006194128306511004,0.028648008793326962,-0.007178950193291067,0.011067134692168246,0.017446695360946896,-0.024699678746136433,0.02263203132158753,-0.00645486665999484,0.25812361491761093,0.25127290162583216,0.3943528340127245
2020-12-29,0.007226483024262986,0.0015915560440744603,0.01196491698881963,0.003952548104345421,-0.01080033522344337,0.031615588795055105,0.0009430013050664154,-0.005532742851423356,-1.2906180745880547,-0.9100153734557173,-0.722980195689995
2020-12-30,-1.5543122344752192e-15,-0.01750711648481218,-0.007178950193292177,-0.0031620384834762927,-0.0024923850515634616,-0.00889188434860877,0.00848701174559574,0.013831857128558944,0.9034326522116383,0.4550076867278585,0.06572547233545412
2020-12-31,0.005161773588759244,0.05570446154258124,0.0287158007731656,0.011857644313037596,0.004984770103128033,0.01778376869721887,-0.03489104828744849,0.002766371425712677,0.32265451864701356,0.3259756561632421,0.6572547233545412
2021-01-01,0.00103235471775176,-0.0334226769255479,0.002392983397763615,0.003952548104346532,-0.0066463601375039705,-0.015807794397528774,0.025461035236787,-0.0046106190428534255,-1.4842107857762625,-1.1409147965713478,-0.9201566126963576
2021-01-02,-2.220446049250313e-16,0.009549336264440988,-0.03110878417092877,-0.002371528862608052,0.0024923850515634616,0.005927922899072957,0.0066010091354620215,-0.007376990468565436,1.9359271118820816,1.1341236370679473,0.3943528340127247
2021-01-03,-0.011355901895269138,-0.04297201318998933,-0.011964916988819407,-0.014229173175645426,-0.008307950171879241,0.003951948599383304,-0.030176041762116634,-0.011987609511417974,-1.9359271118820816,-0.706280588353692,0.0
2021-01-04,0.004129418871007484,0.04297201318998933,0.016750883784346637,0.011857644313037818,0.012461925257819306,-0.013831820097837788,0.030176041762117745,0.03596282853425459,1.0970253633998461,0.25806406112923397,-0.26290188934181646
2021-01-05,0.012388256613020454,-0.022281784617030898,-4.440892098500626e-16,0.0063240769669534735,0.015785105326570736,0.04841137034242893,-0.012259016965860292,-0.02397521902283639,-0.3871854223764162,0.01358231900680118,0.4600783063481788
2021-01-06,-0.01238825661302112,0.012732448352589465,0.01675088378434708,-0.007905096208691953,-0.009969540206254957,-0.030627601645209612,-0.0009430013050666375,0.011987609511417752,0.1935927111882081,-0.03395579751700373,-0.3286273616772706
2021-01-07,0.015485320766276178,0.015915560440737053,-0.002392983397763171,0.021343759763468473,0.003323180068750986,0.013831820097836456,0.014145019575992457,0.00645486665999595,0.25812361491761093,-0.04074695702040598,-0.19717641700636235
2021-01-08,0.001032354717751538,-0.004774668132221382,-0.007178950193291733,-0.017391211659122385,0.01661590034375937,-0.004939935749227686,0.007544010440529103,-0.009221238085707295,-0.8389017484822354,-0.2376905826190303,0.19717641700636235
2021-01-09,-0.003097064153255058,-0.004774668132220494,0.016750883784346193,0.010276625071298895,-0.004984770103126923,0.009879871498455373,-0.026404036541852083,-0.006454866659995062,1.161556267129249,0.5161281222584666,0.0
2021-01-10,-0.007226483024262098,-0.020690228572959768,-0.035894750966457334,-0.019762740521728883,-0.021600670446887626,-0.03754351169412917,0.0,0.005532742851424022,-0.45171632610581924,-0.08828507354421133,0.26290188934181646
2021-01-11,0.019614739637282774,0.020690228572959768,0.03350176756869416,0.03715395218085149,0.02326226048126312,0.023711691596292273,0.04432106133810976,0.02028672378855534,-0.5162472298352214,-0.4142607297074532,-0.5258037786836329
2021-01-12,-0.03200299625030345,-0.007957780220368527,-0.01435790038658391,-0.03952548104345954,-0.038216570790645665,-0.02371169159629183,-0.03866305350771304,-0.03688495234282696,0.7743708447528324,0.33955797517004327,0.3286273616772706
2021-01-13,0.012388256613020232,0.006366224176293844,-0.002392983397763171,0.0071145865878237124,0.014954310309382546,0.003951948599381971,-0.009430013050661046,0.00553274285142491,-0.32265451864701333,0.08149391404081108,0.06572547233545412
2021-01-14,0.002064709435503964,0.004774668132221382,-0.002392983397763615,0.007114586587821492,0.005815565120316446,0.025687665895981926,0.018860026101322536,0.007376990468564326,0.2581236149176107,0.020373478510202325,0.0
2021-01-15,0.011355901895270026,0.014324004396664147,0.0478596679552763,-0.005533567346083679,0.014954310309382102,8.881784197001252e-16,-0.002829003915198136,0.03411858091711384,-0.5162472298352216,-0.04074695702040532,0.13145094467090823
2021-01-16,-0.006194128306511892,-0.023873340661106468,-0.031108784170930104,0.012648153933906503,-0.00996954020625429,0.0,-0.007544010440529103,-0.0322743332999722,-0.12906180745880547,-0.23089942311563005,-0.19717641700636235
2021-01-17,-0.02580886794379289,-0.02387334066110558,-0.03110878417092966,-0.018972230900859977,-0.017446695360947118,-0.028651627345519515,0.007544010440529103,-0.003688495234282829,0.4517163261058188,0.006791159503401145,-0.06572547233545412
2021-01-18,0.016517675484028604,-0.0063662241762947325,0.02392983397763926,-0.002371528862607608,0.004153975085939177,0.007903897198763943,0.010373014355726795,-0.0009221238085705963,-0.32265451864701333,0.04753811652380624,0.13145094467090823
