Country Name,Country Code,Indicator Name,Indicator Code,1960,1961,1962,1963,1964,1965,1966,1967,1968,1969,1970,1971,1972,1973,1974,1975,1976,1977,1978,1979,1980,1981,1982,1983,1984,1985,1986,1987,1988,1989,1990,1991,1992,1993,1994,1995,1996,1997,1998,1999,2000,2001,2002,2003,2004,2005,2006,2007,2008,2009,2010,2011,2012,2013,2014,2015,2016,2017,2018,2019,2020,2050
United States,USA,Access to clean fuels and technologies for cooking (% of population),EG.CFT.ACCS.ZS,,,,,,,,,,,,,,,,,,,,,,,,,,,,,,,,,,,,,,,,,100.0,100.0,100.0,100.0,100.0,100.0,100.0,100.0,100.0,100.0,100.0,100.0,100.0,100.0,100.0,100.0,100.0,,,,,
United States,USA,Access to electricity (% of population),EG.ELC.ACCS.ZS,,,,,,,,,,,,,,,,,,,,,,,,,,,,,,,100.0,100.0,100.0,100.0,100.0,100.0,100.0,100.0,100.0,100.0,100.0,100.0,100.0,100.0,100.0,100.0,100.0,100.0,100.0,100.0,100.0,100.0,100.0,100.0,100.0,100.0,100.0,100.0,100.0,,,
United States,USA,Adjusted savings: natural resources depletion (% of GNI),NY.ADJ.DRES.GN.ZS,,,,,,,,,,,0.447224603708224,0.431371405667411,0.439051697623581,0.568025889502992,2.2869987226245896,1.96083655894759,1.8826378449668202,1.94495619010039,1.7732482485814398,3.5324585072725294,4.01775099764002,2.71546506011797,1.3486338433157399,1.8363945607764,1.71031268037323,1.47092376139023,0.5853270663560379,0.9004740272813191,0.652355081419847,0.719443369941549,0.835636423379818,0.593547958172917,0.621877623202978,0.5894178363538389,0.473865810624333,0.417573547294806,0.565289959277584,0.4102366012241429,0.222560009374101,0.328864327880526,0.624416496849919,0.5085453283546261,0.32536608483405893,0.476881007185843,0.6652611898732429,0.7285682230637599,0.6084625638451501,0.5730470552096739,0.9620706863073091,0.343418423602281,0.34818457288513804,0.46881968634965204,0.329954764850732,0.35807031703077397,0.308207133049047,0.0726485767716836,0.134722085034786,0.19958692803001601,0.3704292903226071,,,
United States,USA,Adjusted savings: net forest depletion (% of GNI),NY.ADJ.DFOR.GN.ZS,,,,,,,,,,,0.0,0.0,0.0,0.0,0.0,0.0,0.0,0.0,0.0,0.0,0.0,0.0,0.0,0.0,0.00290468597580893,0.000842616586044776,0.0085499906103837,0.00960177068748004,0.00923634901422507,0.00972541797478983,0.0131434111034143,0.00673120893588628,0.00469764178975815,0.00182256041675105,0.00147850857964063,0.0,0.0,0.0,0.0,0.0,0.0,0.0,0.0,0.0,0.0,0.0,0.0,0.0,0.0,0.0,0.0,0.0,0.0,0.0,0.0,0.0,0.0,0.0,0.0,,,
United States,USA,Agricultural land (% of land area),AG.LND.AGRI.ZS,,48.86024177417521,48.47613702865829,48.1979395040485,47.9325163555688,47.589791854097,47.554525841361894,47.5279944447841,47.5812756033436,47.543280023059395,47.4289657341008,47.308864761938,47.1996820599719,47.0795810878091,46.9658127123604,46.9658127123604,46.9658127123604,46.9847013198005,46.7479932219379,46.7479932219379,46.7479932219379,46.7479932219379,47.1013084455004,47.1013084455004,47.1013084455004,47.1013084455004,47.1013084455004,46.61533623904899,46.61533623904899,46.61533623904899,46.61533623904899,46.61533623904899,46.4494877147624,46.1786054311843,45.981093923327506,45.8719112213614,45.453413924725105,45.2982653052312,45.265838042747205,45.1893009686689,45.230584855576105,45.290070203625405,45.0848730397122,45.1788489748874,44.91645855890471,44.945164332367,44.664744125685395,45.062344328481394,45.183515543180505,44.817083669493705,44.6493314508353,44.2386282142943,44.67997533730821,44.366792767796795,44.5880368453619,44.369067999501496,44.369067999501496,,,,,
United States,USA,"Agriculture, forestry, and fishing, value added (% of GDP)",NV.AGR.TOTL.ZS,,,,,,,,,,,,,,,,,,,,,,,,,,,,,,,,,,,,,,1.3369117103816899,1.21399691075917,1.15118252152304,1.1504563654645101,1.12932550544931,0.9704309470583309,1.11525741955411,1.25866007956923,1.14225527722491,1.00067777411318,1.06682214149659,1.06578313550216,0.968572535825703,1.04248133891985,1.21648753662505,1.1588289488032402,1.3335136788321,1.1855710177413301,1.03766398858538,0.9352222551825079,0.941850621188078,0.8645830835944229,,,
United States,USA,"Annual freshwater withdrawals, total (% of internal resources)",ER.H2O.FWTL.ZS,,,,,,,,,,,,,,,,,,,,,,,18.3676366217175,,,,,,,,,,16.5046132008517,,,,,,,,,,16.8026969481902,,,,,16.9836763662172,,,,,14.8580553584102,,14.8580553584102,,,,,,,
United States,USA,"Annualized average growth rate in per capita real survey mean consumption or income, total population (%)",SI.SPR.PCAP.ZG,,,,,,,,,,,,,,,,,,,,,,,,,,,,,,,,,,,,,,,,,,,,,,,,,,,,,,,,,1.64,,,,,
United States,USA,"Cause of death, by communicable diseases and maternal, prenatal and nutrition conditions (% of total)",SH.DTH.COMM.ZS,,,,,,,,,,,,,,,,,,,,,,,,,,,,,,,,,,,,,,,,,6.1,,,,,,,,,,5.4,,,,,5.4,5.2,,,,,
United States,USA,"Children in employment, total (% of children ages 7-14)",SL.TLF.0714.ZS,,,,,,,,,,,,,,,,,,,,,,,,,,,,,,,,,,,,,,,,,,,,,,,,,,,,,,,,,,,,,,
United States,USA,CO2 emissions (metric tons per capita),EN.ATM.CO2E.PC,15.999779156588499,15.6812555160569,16.0139374979897,16.4827621458239,16.9681185789701,17.4517252487095,18.1210730107855,18.5983178821611,19.0893891562783,19.857945662309998,21.111252272594303,20.9802034758573,21.7486419846019,22.510582127233896,21.502930377734298,20.4022240696754,21.1576153736785,21.5324840060117,21.9730046948357,21.780436977627698,20.7864877412257,19.7667641742132,18.5904952301609,18.5715437097933,18.976750268207397,18.8823127427246,18.7207227161615,19.3503344229412,20.0104134086438,20.075769778663698,19.322751180780603,19.0561631861681,19.1394372782772,19.3470829142925,19.3608920479162,19.2765452647233,19.4960247370023,19.690363181579798,19.579236201033897,19.727169506164,20.1787505069199,19.636505067718698,19.613404076881398,19.5641045293305,19.6583711815214,19.5918852294317,19.0940665201349,19.217897835532,18.461763868080197,17.1577377931966,17.4431109038447,16.9152017650556,16.1934293295892,16.3622241347427,16.4165759129484,15.989866258055999,15.502203980957999,,,,,
United States,USA,Control of Corruption: Estimate,CC.EST,,,,,,,,,,,,,,,,,,,,,,,,,,,,,,,,,,,,,1.571041,,1.596428,,1.657759,,1.9240380000000001,1.755439,1.832575,1.545693,1.353316,1.385467,1.450212,1.294352,1.271479,1.269101,1.41072,1.3132620000000002,1.376068,1.396935,1.373532,1.381257,1.328681,1.2153260000000001,,
United States,USA,Cooling Degree Days (projected change in number of degree Celsius),EN.CLC.CDDY.XD,,,,,,,,,,,,,,,,,,,,,,,,,,,,,,,,,,,,,,,,,,,,,,,,,,,,,,,,,,,,,,465.75
United States,USA,"Droughts, floods, extreme temperatures (% of population, average 1990-2009)",EN.CLC.MDAT.ZS,,,,,,,,,,,,,,,,,,,,,,,,,,,,,,,,,,,,,,,,,,,,,,,,,,0.21415572253450302,,,,,,,,,,,,
United States,USA,Ease of doing business index (1=most business-friendly regulations),IC.BUS.EASE.XQ,,,,,,,,,,,,,,,,,,,,,,,,,,,,,,,,,,,,,,,,,,,,,,,,,,,,,,,,,,,,6.0,,
United States,USA,Electricity production from coal sources (% of total),EG.ELC.COAL.ZS,53.91200719288611,53.7305350452496,53.2502024255671,54.390065425668205,54.015362257073,54.63006935780311,54.0999349871459,52.445131991371795,52.0592497868713,49.4470199044028,46.3873498898633,44.788009721847104,44.566257308456706,46.1641233899209,44.1764950813223,44.2954314922731,46.1708537636632,46.113021813663394,44.00507329775579,47.667442342402296,51.2034260006921,52.827834276560296,53.679593206361105,55.0405873321791,56.05225277463121,57.2203518859588,56.17401667750111,57.642186570155104,57.6793133200982,54.116038755888205,53.0673504822167,52.6011017269401,53.2400048064619,53.4013067886965,52.5162305212018,51.49928028925571,52.722031176223794,53.8095484475331,52.73512657628961,52.116718185850104,52.8951522460279,51.633426946901295,50.657299487706005,51.3811676423779,50.396689552756904,50.4570863552959,49.7728777773905,48.99390945474179,49.10443980861071,45.437731595683005,45.797605757719296,43.345764086871206,38.4798556926388,39.943141236738704,39.6507326894421,34.232733727898804,,,,,,
United States,USA,"Energy imports, net (% of energy use)",EG.IMP.CONS.ZS,5.34081618748347,5.578857967971739,5.82595283059258,6.23887607972911,6.5036408374399,7.2205762141031204,7.15792247864086,4.2527986738518795,5.54405063902184,7.70933842610018,6.52160993280303,9.51537451898334,12.1318125624245,15.8218004340444,15.551174466460301,14.8712458060153,19.694418966796,20.8085095303747,21.923561632030896,18.5741089628757,13.9313696085034,11.801346091942001,9.04865570986495,12.7705810086971,9.513538801319939,11.537193753526099,12.0486465321885,13.854979134533501,15.668952653383998,16.9955043022868,13.7096309133924,14.9427076463954,16.3385296201642,20.287092675434,18.796003762122602,19.740846424213604,20.583534817836302,21.509824949492696,21.5698941494774,24.457411175976898,26.659419586712303,24.300537166690503,26.60412855113,27.726180617665,28.6955706933386,29.659179283594398,27.972123426391697,28.585606884949,25.2640713700468,22.124983702631198,22.2092008982127,18.554976759716002,15.6917290892051,13.943431510190699,9.21446550107214,7.308743454822769,,,,,,
United States,USA,Energy intensity level of primary energy (MJ/$2011 PPP GDP),EG.EGY.PRIM.PP.KD,,,,,,,,,,,,,,,,,,,,,,,,,,,,,,,8.66657670426795,8.74349537733587,8.61274699225872,8.52935320875437,8.35152168582419,8.2341349169744,8.109277706256469,7.8391338634672305,7.56902635840737,7.42580269733143,7.335371396074099,7.128216808685419,7.08236787119647,6.90496749066525,6.790206058540961,6.60173784003223,6.3694074043804,6.36757144746924,6.22245169027002,6.084563270765161,6.0724792214272,5.909836749586769,5.69299524637643,5.67603563128095,5.62114571317303,5.408392539553519,,,,,,
United States,USA,Energy use (kg of oil equivalent per capita),EG.USE.PCAP.KG.OE,5641.740755295539,5612.07950307854,5774.58631485274,5986.78395387916,6136.93822991417,6307.890202415811,6591.34055759056,6809.820483916421,7073.47894930894,7332.36854699843,7569.076595205121,7644.52480244244,7940.99783225979,8163.6037921938205,7909.58647956082,7656.2635792437,8100.562221661659,8285.570897979009,8438.403077476021,8327.041705360909,7942.253017933771,7647.5380535678505,7259.07889874991,7199.1185327128405,7443.320016961729,7456.2629032800405,7376.096238334591,7622.17301652159,7849.75397036389,7890.28720236287,7671.7730657832,7631.46780588265,7677.4014010931205,7709.49658932206,7757.830822495691,7763.75510556636,7844.46826581141,7828.581096395841,7803.697604529929,7923.22389263188,8056.86384994775,7827.88632537183,7843.34484914192,7794.23553026383,7881.578642064051,7846.49968849973,7697.6525350004085,7758.16598577052,7488.08192070473,7056.78365282718,7161.553355269979,7030.554960568771,6873.04927088303,6907.04604045685,6962.54981699587,6806.19993946204,,,,,,
United States,USA,"Fertility rate, total (births per woman)",SP.DYN.TFRT.IN,3.654,3.62,3.4610000000000003,3.319,3.19,2.9130000000000003,2.721,2.5580000000000003,2.464,2.456,2.48,2.266,2.01,1.879,1.835,1.774,1.7380000000000002,1.79,1.76,1.808,1.8395,1.8119999999999998,1.8275,1.7990000000000002,1.8065,1.844,1.8375,1.8719999999999999,1.9340000000000002,2.0140000000000002,2.081,2.0625,2.046,2.0195,2.0015,1.9780000000000002,1.976,1.9709999999999999,1.999,2.0075,2.056,2.0305,2.0205,2.0475,2.0515,2.057,2.108,2.12,2.072,2.002,1.931,1.8945,1.8805,1.8575,1.8625,1.8435,1.8205,1.7655,1.7295,,,
United States,USA,Food production index (2004-2006 = 100),AG.PRD.FOOD.XD,,45.45,45.82,48.12,48.91,49.92,50.88,53.68,54.15,54.27,53.52,58.15,57.32,58.8,59.96,64.1,66.02,68.39,67.79,71.47,69.19,75.38,75.2,64.44,73.69,77.88,73.72,73.17,69.02,75.91,77.94,77.15,84.23,76.98,89.19,83.89,87.78,91.18,92.09,93.72,95.96,93.67,94.09,95.66,100.53,99.3,100.18,104.84,107.59,109.89,110.27,109.06,107.97,113.51,117.03,116.61,122.32,,,,,
United States,USA,Forest area (% of land area),AG.LND.FRST.ZS,,,,,,,,,,,,,,,,,,,,,,,,,,,,,,,33.0223082096657,33.0341647687074,33.046021327749,33.0578812987501,33.0697378577917,33.081594416833404,33.093450975875,33.1053075349166,33.1171675059177,33.1290240649593,33.1301735880689,33.1568260255492,33.1834818738867,33.210134311367,33.2367901597045,33.2634425971849,33.3499521661398,33.4364617350948,33.5761135380249,33.662760237312796,33.7494069366007,33.7794700582241,33.8095331798474,33.8395963014708,33.8696594230942,33.8997225447175,33.9297856663409,,,,,
United States,USA,Fossil fuel energy consumption (% of total),EG.USE.COMM.FO.ZS,95.5256695527392,95.5667993020266,95.6055139735254,95.7693155916265,95.80162111945049,95.8601615794837,95.96449026195629,95.9821682441868,95.9226132734279,95.8586746434697,95.9187712540164,95.64380715268659,95.3667577934488,94.9771886917797,94.1564542460561,93.0979531123041,93.00561547607029,92.4223027301356,91.7438061244566,91.80292615699881,91.42607195836392,90.83194654668729,90.0431205042659,89.45506707542441,88.9010414433368,88.30166867622721,87.65663265846909,87.37781446171999,87.07723871701859,87.09328723938009,86.43783831788151,85.6947378489449,85.57482232956009,86.1179647916857,85.9121290643525,85.4693359772985,85.5100613230784,86.4564944223768,86.0865943299391,85.7846010464005,85.88083053922891,86.34598091062522,86.2490843609645,86.27838541497009,86.1243128703203,86.01853539216101,85.626472526822,85.614705182945,84.968221692611,84.15425371533291,84.15058806602691,83.714052768764,83.4371776188128,82.9405096870129,83.08904242213809,82.4278282452692,,,,,,
United States,USA,GDP growth (annual %),NY.GDP.MKTP.KD.ZG,,2.29999999999968,6.10000000000012,4.39999999999992,5.800000000000299,6.399999999999759,6.50000000000028,2.5000000000000298,4.7999999999995895,3.0999999999999903,-0.32276083561664803,3.2933623870393403,5.25889534832913,5.64571947321326,-0.540546529606971,-0.205464005057081,5.38813922012807,4.624159211772559,5.53530269624309,3.16615026772367,-0.256751936461413,2.53771870053738,-1.8028744520173503,4.58392730884007,7.2366200040106206,4.16965594529771,3.4626517212670898,3.45957255449522,4.177046383082,3.6726563283844103,1.88596032430949,-0.10825910470552498,3.52244248662824,2.75284432663625,4.02883906807251,2.6842871338757,3.7725013199817004,4.44721633956435,4.48140755308913,4.75323599078349,4.1274840114197495,0.998340800315447,1.7416952430289399,2.86121077200275,3.7988911226479303,3.51321379594287,2.85497229827358,1.87617145523009,-0.136579804247219,-2.5367570696286204,2.56376656343198,1.55083550424324,2.24954585097743,1.84208107011949,2.52597345040711,2.9080218612834305,1.63783845703892,2.36980078440416,2.92732573232968,2.16117628829923,,
United States,USA,GHG net emissions/removals by LUCF (Mt of CO2 equivalent),EN.CLC.GHGR.MT.CE,,,,,,,,,,,,,,,,,,,,,,,,,,,,,,,-846.5548779308659,-818.679731084061,-804.4647124835091,-758.57258361899,-850.050344349692,-795.375723499317,-679.822703099097,-727.7057380441161,-601.993296371281,-503.702131638787,-540.259926455194,-635.810487579618,-830.6159274226641,-980.170627395198,-1033.64040214764,-1027.8817490609401,-1014.5288985107599,-1013.38397691643,-1007.2515088757001,-990.061776171927,,,,,,,,,,,,
United States,USA,Gini index (World Bank estimate),SI.POV.GINI,,,,,,,,,,,,,,,35.3,,,,,34.5,,,,,,,37.4,,,,,38.0,,,40.0,,,40.5,,,40.1,,,,40.3,,,40.8,,,40.0,,,40.7,,,41.1,,,,,
United States,USA,Government Effectiveness: Estimate,GE.EST,,,,,,,,,,,,,,,,,,,,,,,,,,,,,,,,,,,,,1.52492,,1.764996,,1.8026509999999998,,1.6802,1.602976,1.761568,1.536153,1.58617,1.649809,1.613998,1.506894,1.557596,1.5195670000000001,1.529326,1.523666,1.467586,1.463522,1.476793,1.554298,1.576998,1.489182,,
United States,USA,"Government expenditure on education, total (% of government expenditure)",SE.XPD.TOTL.GB.ZS,,,,,,,,,,,,,,,,,,,,,,,,,,,,,,,,,,,,,,,,,,,,,,,,,,,,,,,,,,,,,,
United States,USA,Heat Index 35 (projected change in days),EN.CLC.HEAT.XD,,,,,,,,,,,,,,,,,,,,,,,,,,,,,,,,,,,,,,,,,,,,,,,,,,,,,,,,,,,,,,3.78585
United States,USA,"Hospital beds (per 1,000 people)",SH.MED.BEDS.ZS,9.19999980926514,,,,,8.80000019073486,,,,,7.900000095367429,7.5,7.400000095367429,7.199999809265139,7.099999904632571,6.800000190734861,6.599999904632571,6.400000095367429,6.199999809265139,6.099999904632571,6.0,5.900000095367429,5.900000095367429,5.800000190734861,5.699999809265139,5.5,5.400000095367429,5.199999809265139,5.09999990463257,5.0,4.9000000954,4.8000001907,4.5999999046,4.5,4.3000001907,4.0999999046,3.9000000954000003,3.7999999523000003,3.7000000476999997,3.5999999045999997,3.49,3.47,3.39,3.33,3.26,3.2,3.18,3.14,3.13,3.08,3.05,2.97,2.93,2.89,2.83,2.8,2.77,2.87,,,,
United States,USA,Income share held by lowest 20%,SI.DST.FRST.20,,,,,,,,,,,,,,,6.2,,,,,6.5,,,,,,,5.6,,,,,5.6,,,5.4,,,5.4,,,5.5,,,,5.3,,,5.2,,,5.3,,,5.3,,,5.2,,,,,
United States,USA,Individuals using the Internet (% of population),IT.NET.USER.ZS,,,,,,,,,,,,,,,,,,,,,,,,,,,,,,,0.784729,1.16319,1.7242,2.27167,4.86278,9.23709,16.4194,21.6164,30.0932,35.8487,43.0792,49.0808,58.7854,61.6971,64.7583,67.9681,68.9312,75.0,74.0,71.0,71.69,69.7295,74.7,71.4,73.0,74.5542,85.5444,87.2661,87.2661,87.2661,,
United States,USA,"Labor force participation rate, total (% of total population ages 15-64) (modeled ILO estimate)",SL.TLF.ACTI.ZS,,,,,,,,,,,,,,,,,,,,,,,,,,,,,,,75.7679977416992,75.4359970092773,75.7880020141602,75.7480010986328,76.0419998168945,76.2190017700195,76.4020004272461,76.7030029296875,76.6470031738281,76.5589981079102,76.4339981079102,75.927001953125,75.4240036010742,74.7779998779297,74.3460006713867,74.254997253418,74.3730010986328,74.1070022583008,74.03700256347659,73.2969970703125,72.5479965209961,71.96299743652341,72.1230010986328,71.6679992675781,71.5810012817383,71.5459976196289,71.9300003051758,72.3740005493164,72.6350021362305,72.5550003051758,72.4820022583008,
United States,USA,"Life expectancy at birth, total (years)",SP.DYN.LE00.IN,69.77073170731711,70.27073170731711,70.119512195122,69.91707317073171,70.1658536585366,70.2146341463415,70.2121951219512,70.5609756097561,69.9512195121951,70.5073170731708,70.8073170731707,71.1073170731707,71.1560975609756,71.35609756097558,71.95609756097559,72.60487804878049,72.85609756097558,73.25609756097559,73.35609756097558,73.8048780487805,73.609756097561,74.009756097561,74.3609756097561,74.4634146341463,74.5634146341464,74.5634146341464,74.6146341463415,74.7658536585366,74.7658536585366,75.0170731707317,75.2146341463415,75.3658536585366,75.6170731707317,75.41951219512201,75.619512195122,75.62195121951221,76.0268292682927,76.4292682926829,76.58048780487809,76.58292682926829,76.6365853658537,76.83658536585371,76.9365853658537,77.0365853658537,77.4878048780488,77.4878048780488,77.6878048780488,77.9878048780488,78.0390243902439,78.390243902439,78.5414634146342,78.64146341463409,78.7414634146342,78.7414634146342,78.84146341463409,78.69024390243901,78.5390243902439,78.5390243902439,78.5390243902439,,,
United States,USA,"Literacy rate, adult total (% of people ages 15 and above)",SE.ADT.LITR.ZS,,,,,,,,,,,,,,,,,,,,,,,,,,,,,,,,,,,,,,,,,,,,,,,,,,,,,,,,,,,,,,
United States,USA,"Mammal species, threatened",EN.MAM.THRD.NO,,,,,,,,,,,,,,,,,,,,,,,,,,,,,,,,,,,,,,,,,,,,,,,,,,,,,,,,,,,40.0,,,
United States,USA,"Maximum 5-day Rainfall, 25-year Return Level (projected change in mm)",EN.CLC.PRCP.XD,,,,,,,,,,,,,,,,,,,,,,,,,,,,,,,,,,,,,,,,,,,,,,,,,,,,,,,,,,,,,,9.98597
United States,USA,"Mean Drought Index (projected change, unitless)",EN.CLC.SPEI.XD,,,,,,,,,,,,,,,,,,,,,,,,,,,,,,,,,,,,,,,,,,,,,,,,,,,,,,,,,,,,,,-0.1547
United States,USA,Methane emissions (metric tons of CO2 equivalent per capita),EN.ATM.METH.PC,,,,,,,,,,,2.8980697579150703,2.79057213439211,2.7929593703548394,2.7809767400157597,2.75046059461128,2.7311978812166298,2.70395578691494,2.6517646738316096,2.61242222072467,2.66656150718713,2.67380349873473,2.6510942797625803,2.61567183507148,2.52968450588557,2.57665641895473,2.5296775440897097,2.4938013517509,2.49660529367821,2.5275849798976697,2.518566236797,2.55439602921205,2.47972377372214,2.42947363496729,2.3741242463998398,2.33825239619042,2.27020257024613,2.22236575424842,2.16268791925386,2.09450651431554,2.03648580848624,1.97265467794716,1.9349862163055602,1.91560758031373,1.9001617580723,1.85827580209973,1.8218807397685302,1.8123505579692,1.8025888001703603,1.80141029171227,1.72341612575136,1.69632152440301,1.65282446151389,1.5926067244028401,,,,,,,,,
United States,USA,"Mortality rate, under-5 (per 1,000 live births)",SH.DYN.MORT,30.1,29.5,28.9,28.3,27.7,27.1,26.4,25.7,24.9,24.1,23.2,22.4,21.5,20.6,19.7,18.8,17.9,17.1,16.3,15.6,15.0,14.4,13.9,13.4,13.0,12.7,12.4,12.1,11.9,11.6,11.2,10.9,10.5,10.1,9.8,9.5,9.2,8.9,8.8,8.6,8.4,8.3,8.2,8.1,8.1,8.0,7.9,7.7,7.6,7.5,7.3,7.2,7.1,7.0,6.9,6.8,6.7,6.7,6.6,6.5,,
United States,USA,Net migration,SM.POP.NETM,,,1835728.0,,,,,1556054.0,,,,,2889346.0,,,,,3770881.0,,,,,3382460.0,,,,,3366853.0,,,,,4463754.0,,,,,8859954.0,,,,,5334893.0,,,,,5428756.0,,,,,4961716.0,,,,,4774029.0,,,,
United States,USA,Nitrous oxide emissions (metric tons of CO2 equivalent per capita),EN.ATM.NOXE.PC,,,,,,,,,,,1.5166645533815801,1.53478072435363,1.5681366009833402,1.6309345049054098,1.60370720210985,1.6076801266825,1.65368404155296,1.66741176630842,1.6792519711570901,1.73514874141876,1.65790824073055,1.6259646309257099,1.4812862594101799,1.4899603065973201,1.53914852114916,1.49880760242767,1.4683150587382798,1.4715240890011498,1.4891852318414398,1.5023794764584602,1.3294123538295801,1.30572493586475,1.32200230786624,1.32231156629565,1.35407485387229,1.3326095283876203,1.35871400253903,1.3366097331078999,1.2621992068268002,1.21612564506881,1.1535909366751202,1.1206361057821201,1.1038202067368998,1.0961902927349498,1.0992202060496898,1.08419425874619,1.0456035659666,1.03463616238141,0.9944459075521409,0.992951011434963,0.9830611089492841,0.9524538607997459,0.9204890664239371,,,,,,,,,
United States,USA,"Patent applications, residents",IP.PAT.RESD,,,,,,,,,,,,,,,,,,,,,62098.0,62404.0,63316.0,59391.0,61841.0,63673.0,65195.0,68315.0,75192.0,82370.0,90643.0,87955.0,92425.0,99955.0,107233.0,123962.0,106892.0,119214.0,134733.0,149251.0,164795.0,177513.0,184245.0,188941.0,189536.0,207867.0,221784.0,241347.0,231588.0,224912.0,241977.0,247750.0,268782.0,287831.0,285096.0,288335.0,295327.0,293904.0,285095.0,,,
United States,USA,People using safely managed drinking water services (% of population),SH.H2O.SMDW.ZS,,,,,,,,,,,,,,,,,,,,,,,,,,,,,,,,,,,,,,,,,,,,,,98.9423321117692,98.94710337635401,98.95185189605341,98.95656884049549,98.96125765989478,98.9658869554494,98.970687390534,98.97557171560591,98.9805980161442,98.9857309470258,98.9909778979207,98.99630997602881,99.0017779137847,,,,
United States,USA,People using safely managed sanitation services (% of population),SH.STA.SMSS.ZS,,,,,,,,,,,,,,,,,,,,,,,,,,,,,,,,,,,,,,,,,88.19277139385159,88.30727448486401,88.42129085221892,88.53512604234791,88.6490757436368,88.7622279911886,88.8754953188679,88.98857763867771,89.10146831323229,89.214164993094,89.32636090980931,89.440504173118,89.5556824408661,89.67251153203341,89.7906822591462,89.84832913902041,89.906899193335,89.9669981106111,,,,
United States,USA,"PM2.5 air pollution, mean annual exposure (micrograms per cubic meter)",EN.ATM.PM25.MC.M3,,,,,,,,,,,,,,,,,,,,,,,,,,,,,,,9.701667270252269,,,,,9.56639220192139,,,,,9.52513800350703,,,,,9.6098244651228,,,,,9.358636410191039,9.740640607394349,9.00316336976139,8.734777211041889,8.22072031896057,8.063920222065441,7.40646408863749,7.40944166188307,,,,
United States,USA,Political Stability and Absence of Violence/Terrorism: Estimate,PV.EST,,,,,,,,,,,,,,,,,,,,,,,,,,,,,,,,,,,,,0.9357751,,0.8798104999999999,,1.084508,,0.287509,0.08128869999999999,-0.2313482,-0.0586535,0.4939433,0.37572990000000006,0.5852239,0.4484303,0.43840390000000007,0.5912473,0.6324420999999999,0.6430726,0.5824196,0.6780624,0.4023029,0.3355527,0.4740649,0.29798579999999997,,
United States,USA,Population ages 65 and above (% of total population),SP.POP.65UP.TO.ZS,9.1157240516365,9.190702869337711,9.25666124770925,9.32093675570192,9.38862385893657,9.46046624606258,9.5770322269274,9.695263109678288,9.81637277255134,9.93673371555787,10.050814854792499,10.19898387044,10.333096759756,10.4651258924921,10.599064848190599,10.7304526940099,10.8903418943005,11.050316058173099,11.216834876096302,11.387643029702401,11.556541899737502,11.6858364944201,11.7987714612327,11.905936814756801,12.0164485180539,12.131667455475302,12.2502403041832,12.3609815352887,12.463377866808901,12.553206505831499,12.627783983875698,12.6712559239854,12.695214280064,12.7025444314064,12.6920733689759,12.6625104800809,12.610981654152699,12.545806175682001,12.473011522207802,12.3997197611975,12.3337392660218,12.3139292858862,12.291565660149601,12.2776805891466,12.2825855574362,12.3117114938844,12.3809160556302,12.4718681790523,12.595114597901098,12.7626484656842,12.9817726024576,13.2502621355322,13.561432027246802,13.905044308110499,14.2676996042196,14.642884712276098,15.0336787501808,15.419365896074199,15.8076540556035,16.2096061428511,,
United States,USA,Population density (people per sq. km of land area),EN.POP.DNST,,20.0558797068663,20.3667228593639,20.6619528854804,20.950959497584897,21.2145265401312,21.4609518984688,21.695913073099998,21.9136233808205,22.1288224863958,22.388131403565502,22.6729890729952,22.9170124118896,23.136797190947398,23.349157546271602,23.5805156917379,23.8056504231922,24.0462890983256,24.302431717138198,24.5721129909946,24.8090394542612,25.053717889367398,25.293701468288997,25.526042258073,25.7480106911702,25.9771851825972,26.218369771240397,26.453767676679398,26.6950614480247,26.948365316586198,27.2545136128993,27.6211491261017,28.006891612148102,28.378658712342897,28.7288076375484,29.0729515141457,29.4131648134723,29.7694279699879,30.1184850681737,30.4663411566379,30.7973013298523,31.1036283879362,31.393549932765197,31.6645346171981,31.9589450682826,32.2548765979183,32.5673998463204,32.8786113609374,33.2436868537795,33.5363992251367,33.8151813298176,34.0595352569358,34.3081426238218,34.544572677323195,34.796806968522304,35.0519778254415,35.3040869447341,35.5275628537883,35.7136220923495,,,
United States,USA,Poverty headcount ratio at national poverty lines (% of population),SI.POV.NAHC,,,,,,,,,,,,,,,,,,,,,,,,,,,,,,,,,,,,,,,,,,,,,,,,,,,,,,,,,,,,,,
United States,USA,Prevalence of overweight (% of adults),SH.STA.OWAD.ZS,,,,,,,,,,,,,,,,41.0,41.6,42.2,42.8,43.4,44.0,44.7,45.3,46.0,46.7,47.4,48.1,48.8,49.5,50.2,50.9,51.7,52.4,53.2,54.0,54.8,55.6,56.3,57.1,57.9,58.6,59.3,60.0,60.7,61.3,61.9,62.5,63.1,63.7,64.2,64.8,65.3,65.8,66.4,66.9,67.4,67.9,,,,,
United States,USA,Prevalence of undernourishment (% of population),SN.ITK.DEFC.ZS,,,,,,,,,,,,,,,,,,,,,,,,,,,,,,,,,,,,,,,,,,2.5,2.5,2.5,2.5,2.5,2.5,2.5,2.5,2.5,2.5,2.5,2.5,2.5,2.5,2.5,2.5,2.5,2.5,,,
United States,USA,Proportion of seats held by women in national parliaments (%),SG.GEN.PARL.ZS,,,,,,,,,,,,,,,,,,,,,,,,,,,,,,,,,,,,,,11.7241379310345,11.7241379310345,13.333333333333302,,14.022988505747099,13.7931034482759,14.252873563218401,14.9425287356322,15.172413793103399,16.3218390804598,16.7816091954023,17.0114942528736,16.7816091954023,16.7816091954023,16.8202764976959,17.972350230414698,17.8240740740741,19.3103448275862,19.3548387096774,19.1685912240185,19.3548387096774,23.502304147465402,23.433874709976802,23.433874709976802,
United States,USA,Ratio of female to male labor force participation rate (%) (modeled ILO estimate),SL.TLF.CACT.FM.ZS,,,,,,,,,,,,,,,,,,,,,,,,,,,,,,,74.6486896421318,75.0512258495215,75.542739262678,76.0238620517293,77.617025671805,77.9043510910473,78.286267736566,78.942340174026,79.1018641549644,79.39571060307209,79.5463442256772,79.8273236386113,80.08146864651191,80.6523725086616,80.51620402478851,80.706757215677,80.699743984004,80.9178512818133,81.4536162337734,82.1862261289548,82.2577641893792,82.10730958262042,81.6298622938435,81.6217624828978,81.8867817803117,81.6146016701853,81.6916670664193,82.2425689326435,82.3655692161061,82.31308760220541,82.2533365191282,
United States,USA,Regulatory Quality: Estimate,RQ.EST,,,,,,,,,,,,,,,,,,,,,,,,,,,,,,,,,,,,,1.593102,,1.6735959999999999,,1.7607560000000002,,1.599691,1.60109,1.570001,1.607815,1.64107,1.492916,1.532345,1.400837,1.446141,1.46089,1.3009540000000002,1.268006,1.281425,1.256155,1.497076,1.628115,1.6212540000000002,1.345358,,
United States,USA,Renewable electricity output (% of total electricity output),EG.ELC.RNEW.ZS,,,,,,,,,,,,,,,,,,,,,,,,,,,,,,,11.528646848879399,10.7574142290523,9.916110116899151,10.484325612114901,9.747235524345061,10.801084989942,11.581450048257501,10.977828125765901,9.60858498243135,9.06920058095258,8.20599694228722,6.783992314326941,8.646361177816699,8.88937612108964,8.63018553161945,8.57846553445898,9.24463118340514,8.367763936155079,9.00354134718557,10.291845071115699,10.1203551472397,12.2257135163932,12.007397063465099,12.637919122281302,12.953827090292599,13.2285932109672,,,,,,
United States,USA,Renewable energy consumption (% of total final energy consumption),EG.FEC.RNEW.ZS,,,,,,,,,,,,,,,,,,,,,,,,,,,,,,,4.1754621858343395,4.50791959377071,4.76308310810846,4.28152840674077,4.08864139839829,4.726554335192059,4.76393045060593,4.514260298827151,4.534296889580901,5.70972659311957,5.42962368850183,4.67857120998539,4.840779184482621,5.326282273569809,5.477656518317831,5.84109087259038,6.39651397057971,6.30412819821935,6.84554083511255,7.35440475450257,7.5051720554451,8.164451646232651,8.48145040759456,8.71326157278159,8.75430895443964,8.71693586705814,,,,,,
United States,USA,Research and development expenditure (% of GDP),GB.XPD.RSDV.GD.ZS,,,,,,,,,,,,,,,,,,,,,,,,,,,,,,,,,,,,,2.45001,2.4798299999999998,2.50401,2.54965,2.62879,2.6483,2.5592599999999996,2.56455,2.50243,2.51697,2.55764,2.63161,2.7679099999999996,2.8127,2.7354,2.76525,2.68166,2.70972,2.71924,2.71742,2.76145,2.8174099999999997,2.83766,,,
United States,USA,Rule of Law: Estimate,RL.EST,,,,,,,,,,,,,,,,,,,,,,,,,,,,,,,,,,,,,1.500219,,1.6080290000000002,,1.592754,,1.5476459999999999,1.590775,1.4359549999999999,1.539517,1.6054030000000001,1.6278549999999998,1.6400270000000001,1.59849,1.638103,1.600044,1.6272790000000001,1.5572409999999999,1.610473,1.596108,1.617996,1.6447610000000001,1.5135040000000002,1.4610940000000001,,
United States,USA,"School enrollment, primary (% gross)",SE.PRM.ENRR,,,,,,,,,,,,88.8608779907227,88.4217987060547,90.7070465087891,89.8160781860352,89.6162109375,90.4418487548828,90.6578826904297,91.073486328125,90.6162490844727,98.9110488891602,98.6317977905273,100.481620788574,99.0345077514648,97.8936614990234,98.2329330444336,99.90113067626949,101.173690795898,,,106.033233642578,105.328598022461,,103.899276733398,103.115478515625,104.106407165527,103.559829711914,,102.562042236328,101.93083190918001,100.72995758056601,101.326133728027,99.87940216064449,101.113960266113,101.249656677246,101.8740234375,102.20104217529301,103.093208312988,103.23487091064501,102.21190643310499,100.33347320556601,99.3898773193359,99.1653213500977,99.45543670654301,99.6733779907227,100.299911499023,101.362861633301,101.82144165039101,101.256561279297,,,
United States,USA,"School enrollment, primary and secondary (gross), gender parity index (GPI)",SE.ENR.PRSC.FM.ZS,,,,,,,,,,,,,,,,,,,,,,1.03886997699738,1.03232002258301,1.02068996429443,1.02276003360748,1.02069997787476,1.0229400396347,1.01155996322632,,,0.997739970684052,0.99838000535965,,0.988919973373413,0.9914399981498722,1.00136005878448,0.9936299920082091,,1.0312099456787098,,0.999350011348724,1.0073100328445401,1.00125002861023,1.00255000591278,1.00766003131866,1.00387001037598,1.00162994861603,1.00309002399445,0.9998499751091,1.00978994369507,1.00080001354218,1.00434005260468,0.994899988174438,0.997099995613098,1.0042300224304201,1.0050799846649199,0.996259987354279,0.9936299920082091,0.994700014591217,,,
United States,USA,Scientific and technical journal articles,IP.JRN.ARTC.SC,,,,,,,,,,,,,,,,,,,,,,,,,,,,,,,,,,,,,,,,,304781.56,305612.91,319307.62,329398.86,353853.49,384572.94,385515.0,391909.59,393978.95,399350.31,408817.1,423958.81,427996.8,429570.05,433192.28,429988.89,427264.63,432216.49,422807.71,,,
United States,USA,Strength of legal rights index (0=weak to 12=strong),IC.LGL.CRED.XQ,,,,,,,,,,,,,,,,,,,,,,,,,,,,,,,,,,,,,,,,,,,,,,,,,,,,,,11.0,11.0,11.0,11.0,11.0,11.0,11.0,,
United States,USA,Terrestrial and marine protected areas (% of total territorial area),ER.PTD.TOTL.ZS,,,,,,,,,,,,,,,,,,,,,,,,,,,,,,,,,,,,,,,,,,,,,,,,,,,,,,,,,26.326199718432,26.328083601169,26.328083601169,,,
United States,USA,"Unemployment, total (% of total labor force) (modeled ILO estimate)",SL.UEM.TOTL.ZS,,,,,,,,,,,,,,,,,,,,,,,,,,,,,,,,6.800000190734861,7.5,6.900000095367429,6.11899995803833,5.650000095367429,5.4510002136230495,5.0,4.51000022888184,4.218999862670899,3.99200010299683,4.73099994659424,5.78299999237061,5.9889998435974094,5.52899980545044,5.08300018310547,4.6230001449585005,4.62200021743774,5.78399991989136,9.25399971008301,9.63300037384033,8.94900035858154,8.06900024414063,7.375,6.1680002212524405,5.28000020980835,4.86899995803833,4.355000019073491,3.8959999084472696,3.68199992179871,3.86199998855591,
United States,USA,Unmet need for contraception (% of married women ages 15-49),SP.UWT.TFRT,,,,,,,,,,,,,,,,,,,,,,,,,,,,,4.0,,6.0,,,,,,,,,,,,6.3,,,,,5.8,5.8,,8.0,,,,9.0,9.0,,,,,,
United States,USA,Voice and Accountability: Estimate,VA.EST,,,,,,,,,,,,,,,,,,,,,,,,,,,,,,,,,,,,,1.348661,,1.336877,,1.310167,,1.344568,1.338228,1.327752,1.294524,1.1016219999999999,1.10981,1.144267,1.097206,1.133606,1.126966,1.1615870000000001,1.103019,1.071223,1.109821,1.110259,1.050724,1.04504,0.965248,,
